database_name,dataset,task,model,result_label,result_dir,status,status_details,preprocessing_pipeline,RMSECV,RMSE_MF,RMSEP,MAE_test,r2_test,search_mean_score,seed,n_splits,best_config_json,best_model_params_json,best_fold_scores_json,trial_values_json,search_results_path,best_config_path,final_predictions_path,fold_predictions_path,rmse_mf_source,artifact_best_config_format,artifact_search_results_format,artifact_final_predictions_format,aom_variant,backend,engine,selection,criterion,orthogonalization,operator_bank,selected_operator_sequence_json,selected_operator_scores_json,n_components_selected,max_components,fit_time_s,predict_time_s,delta_rmsep_vs_master_pls,delta_rmsep_vs_tabpfn_raw,delta_rmsep_vs_tabpfn_opt,run_seed,code_version,notes,n_chains_enumerated,n_candidates_total,n_finalists,top_finalist_score,screening_time_s,lowrank_time_s,model_fit_time_s,schema_version,preset,cohort,canonical_name,model_class,module,rmsep,mae,r2,error_message,n_train,n_test,n_features,balanced_accuracy,macro_f1,log_loss,ece
LUCAS,LUCAS_SOC_Cropland_8731_NocitaKS,regression,FastAOM-single-chain-compact,FastAOM-single-chain-compact,,ok,,compact,,,5.368643574124574,4.157077682259042,0.3141238839169982,,0,,,,,,,,,,,,,,FastAOM-single-chain-compact,numpy,fastaom,single_chain,screening+ridge,primal,compact,"[{""base_index"": 0, ""chain_signature"": ""sg_smooth_w21_p3""}, {""base_index"": 0, ""chain_signature"": ""sg_smooth_w11_p2""}, {""base_index"": 0, ""chain_signature"": ""identity""}, {""base_index"": 0, ""chain_signature"": ""sg_smooth_w21_p3>detrend_d2>fd_d1""}, {""base_index"": 0, ""chain_signature"": ""sg_smooth_w21_p3>detrend_d2>sg_d2_w11_p2""}, {""base_index"": 1, ""chain_signature"": ""detrend_d2>sg_smooth_w21_p3""}, {""base_index"": 1, ""chain_signature"": ""detrend_d2>sg_smooth_w11_p2""}, {""base_index"": 1, ""chain_signature"": ""sg_smooth_w21_p3>detrend_d2""}, {""base_index"": 1, ""chain_signature"": ""sg_smooth_w11_p2>detrend_d2""}, {""base_index"": 1, ""chain_signature"": ""detrend_d2""}, {""base_index"": 0, ""chain_signature"": ""sg_smooth_w21_p3>detrend_d1>sg_d2_w11_p2""}, {""base_index"": 0, ""chain_signature"": ""sg_smooth_w11_p2>detrend_d2>fd_d1""}, {""base_index"": 0, ""chain_signature"": ""sg_smooth_w21_p3>detrend_d2""}, {""base_index"": 0, ""chain_signature"": ""sg_smooth_w11_p2>detrend_d2""}, {""base_index"": 0, ""chain_signature"": ""detrend_d2>sg_smooth_w21_p3""}, {""base_index"": 0, ""chain_signature"": ""detrend_d2>sg_smooth_w11_p2""}, {""base_index"": 0, ""chain_signature"": ""detrend_d2""}, {""base_index"": 1, ""chain_signature"": ""detrend_d2>sg_d1_w11_p2>sg_smooth_w21_p3""}, {""base_index"": 1, ""chain_signature"": ""detrend_d2>fd_d1>sg_smooth_w21_p3""}, {""base_index"": 1, ""chain_signature"": ""detrend_d2>sg_d1_w21_p3>sg_smooth_w21_p3""}, {""base_index"": 0, ""chain_signature"": ""sg_smooth_w21_p3>detrend_d1>fd_d1""}, {""base_index"": 1, ""chain_signature"": ""detrend_d2>sg_d1_w11_p2>sg_smooth_w11_p2""}, {""base_index"": 0, ""chain_signature"": ""sg_smooth_w11_p2>detrend_d2>sg_d2_w11_p2""}, {""base_index"": 1, ""chain_signature"": ""detrend_d2>fd_d1>sg_smooth_w11_p2""}, {""base_index"": 1, ""chain_signature"": ""detrend_d1>fd_d1>sg_smooth_w21_p3""}]",{},15,15,46.37739256594796,0.097010365978349,0.5077371194817957,1.616454933294881,2.038124445043175,0,FastAOM/0.1.0,top-1 chain from fast screening,145,290,120,0.07331793592701803,2.554115377017297,42.492334675975144,1.329421890026424,fastaom_v0_1,fastaom_smoke,diverse11,FastAOM-single-chain-compact,fastaom-single-chain-pls-ridge,FastAOM.models.fast_aom_pls_ridge,5.368643574124574,4.157077682259042,0.3141238839169982,,6111,2620,4200,,,,
LUCAS,LUCAS_SOC_Cropland_8731_NocitaKS,regression,FastAOM-single-chain-compact-cv5-numpy,FastAOM-single-chain-compact-cv5-numpy,,ok,,compact,,,5.368643574124574,4.157077682259042,0.3141238839169982,,0,,,,,,,,,,,,,,FastAOM-single-chain-compact-cv5-numpy,numpy,fastaom,single_chain,screening+ridge,primal,compact,"[{""base_index"": 0, ""chain_signature"": ""sg_smooth_w21_p3""}, {""base_index"": 0, ""chain_signature"": ""sg_smooth_w11_p2""}, {""base_index"": 0, ""chain_signature"": ""identity""}, {""base_index"": 0, ""chain_signature"": ""sg_smooth_w21_p3>detrend_d2>fd_d1""}, {""base_index"": 0, ""chain_signature"": ""sg_smooth_w21_p3>detrend_d2>sg_d2_w11_p2""}, {""base_index"": 1, ""chain_signature"": ""detrend_d2>sg_smooth_w21_p3""}, {""base_index"": 1, ""chain_signature"": ""detrend_d2>sg_smooth_w11_p2""}, {""base_index"": 1, ""chain_signature"": ""sg_smooth_w21_p3>detrend_d2""}, {""base_index"": 1, ""chain_signature"": ""sg_smooth_w11_p2>detrend_d2""}, {""base_index"": 1, ""chain_signature"": ""detrend_d2""}, {""base_index"": 0, ""chain_signature"": ""sg_smooth_w21_p3>detrend_d1>sg_d2_w11_p2""}, {""base_index"": 0, ""chain_signature"": ""sg_smooth_w11_p2>detrend_d2>fd_d1""}, {""base_index"": 0, ""chain_signature"": ""sg_smooth_w21_p3>detrend_d2""}, {""base_index"": 0, ""chain_signature"": ""sg_smooth_w11_p2>detrend_d2""}, {""base_index"": 0, ""chain_signature"": ""detrend_d2>sg_smooth_w21_p3""}, {""base_index"": 0, ""chain_signature"": ""detrend_d2>sg_smooth_w11_p2""}, {""base_index"": 0, ""chain_signature"": ""detrend_d2""}, {""base_index"": 1, ""chain_signature"": ""detrend_d2>sg_d1_w11_p2>sg_smooth_w21_p3""}, {""base_index"": 1, ""chain_signature"": ""detrend_d2>fd_d1>sg_smooth_w21_p3""}, {""base_index"": 1, ""chain_signature"": ""detrend_d2>sg_d1_w21_p3>sg_smooth_w21_p3""}, {""base_index"": 0, ""chain_signature"": ""sg_smooth_w21_p3>detrend_d1>fd_d1""}, {""base_index"": 1, ""chain_signature"": ""detrend_d2>sg_d1_w11_p2>sg_smooth_w11_p2""}, {""base_index"": 0, ""chain_signature"": ""sg_smooth_w11_p2>detrend_d2>sg_d2_w11_p2""}, {""base_index"": 1, ""chain_signature"": ""detrend_d2>fd_d1>sg_smooth_w11_p2""}, {""base_index"": 1, ""chain_signature"": ""detrend_d1>fd_d1>sg_smooth_w21_p3""}]",{},15,15,39.24228823900921,0.09709893399849534,0.5077371194817957,1.616454933294881,2.038124445043175,0,FastAOM/0.1.0,top-1 chain + 5-fold sklearn KFold CV n_components (apples-to-apples with ASLS-AOM-compact-cv5-numpy),145,290,120,0.07331793592701803,2.5657935950439423,35.268829063046724,1.4057426059735008,fastaom_v0_1,fastaom_smoke,diverse11,FastAOM-single-chain-compact-cv5-numpy,fastaom-single-chain-pls-ridge,FastAOM.models.fast_aom_pls_ridge,5.368643574124574,4.157077682259042,0.3141238839169982,,6111,2620,4200,,,,
LUCAS,LUCAS_SOC_Cropland_8731_NocitaKS,regression,FastAOM-hard-chain-compact,FastAOM-hard-chain-compact,,ok,,compact,,,5.01218949314957,3.7975535959393705,0.40217854187909574,,0,,,,,,,,,,,,,,FastAOM-hard-chain-compact,numpy,fastaom,hard_aom_chain,screening+ridge,primal,compact,"[{""component"": 0, ""base_index"": 0, ""base_name"": ""raw"", ""chain_signature"": ""detrend_d2>fd_d1>sg_smooth_w21_p3"", ""score"": 283426.8580573219}, {""component"": 1, ""base_index"": 1, ""base_name"": ""snv"", ""chain_signature"": ""sg_smooth_w11_p2>detrend_d2>sg_d1_w11_p2"", ""score"": 106652.83201170574}, {""component"": 2, ""base_index"": 0, ""base_name"": ""raw"", ""chain_signature"": ""sg_smooth_w11_p2>detrend_d2>sg_d2_w11_p2"", ""score"": 51762.701900831664}, {""component"": 3, ""base_index"": 1, ""base_name"": ""snv"", ""chain_signature"": ""detrend_d1>sg_smooth_w21_p3"", ""score"": 64448.02857747561}, {""component"": 4, ""base_index"": 1, ""base_name"": ""snv"", ""chain_signature"": ""fd_d1>sg_smooth_w21_p3>detrend_d2"", ""score"": 46770.59254702709}, {""component"": 5, ""base_index"": 0, ""base_name"": ""raw"", ""chain_signature"": ""detrend_d2>fd_d1>sg_smooth_w21_p3"", ""score"": 39767.88447844689}, {""component"": 6, ""base_index"": 0, ""base_name"": ""raw"", ""chain_signature"": ""sg_smooth_w21_p3"", ""score"": 25253.209779672674}, {""component"": 7, ""base_index"": 0, ""base_name"": ""raw"", ""chain_signature"": ""detrend_d2>fd_d1>sg_smooth_w21_p3"", ""score"": 9535.598005104288}, {""component"": 8, ""base_index"": 1, ""base_name"": ""snv"", ""chain_signature"": ""detrend_d2>fd_d1>sg_smooth_w21_p3"", ""score"": 24959.98924187748}, {""component"": 9, ""base_index"": 0, ""base_name"": ""raw"", ""chain_signature"": ""detrend_d2>fd_d1>sg_smooth_w11_p2"", ""score"": 39435.05781425838}, {""component"": 10, ""base_index"": 1, ""base_name"": ""snv"", ""chain_signature"": ""detrend_d1>fd_d1>sg_smooth_w21_p3"", ""score"": 75906.89660358506}, {""component"": 11, ""base_index"": 0, ""base_name"": ""raw"", ""chain_signature"": ""sg_d1_w21_p3"", ""score"": 19642.846650582615}, {""component"": 12, ""base_index"": 0, ""base_name"": ""raw"", ""chain_signature"": ""sg_d1_w21_p3"", ""score"": 38576.581167459306}, {""component"": 13, ""base_index"": 0, ""base_name"": ""raw"", ""chain_signature"": ""detrend_d2>fd_d1>sg_smooth_w21_p3"", ""score"": 35081.07293946907}, {""component"": 14, ""base_index"": 0, ""base_name"": ""raw"", ""chain_signature"": ""detrend_d2>fd_d1>sg_smooth_w21_p3"", ""score"": 19165.737982724615}]",{},15,15,705.8144187640282,6.088409133953974,0.1512830385067918,1.2600008523198771,1.6816703640681712,0,FastAOM/0.1.0,"one chain per latent component, compact bank, depth=3",145,290,120,0.07331793592701803,2.63761274603894,35.036900293955114,668.1379719239776,fastaom_v0_1,fastaom_smoke,diverse11,FastAOM-hard-chain-compact,fastaom-hard-aom-chain,FastAOM.models.fast_aom_pls_ridge,5.01218949314957,3.7975535959393705,0.40217854187909574,,6111,2620,4200,,,,
LUCAS,LUCAS_SOC_Cropland_8731_NocitaKS,regression,FastAOM-soft-chain-compact,FastAOM-soft-chain-compact,,ok,,compact,,,5.623535835975877,4.251900186630095,0.2474498095297839,,0,,,,,,,,,,,,,,FastAOM-soft-chain-compact,numpy,fastaom,soft_aom_chain,screening+ridge,primal,compact,"[{""component"": 0, ""base_indices"": [0, 0, 0], ""base_names"": [""raw"", ""raw"", ""raw""], ""chain_signatures"": [""sg_smooth_w21_p3>detrend_d2"", ""detrend_d2>sg_d1_w11_p2"", ""sg_smooth_w11_p2>fd_d1""], ""weights"": [0.00017061036515936295, 0.437530772917868, 0.01816575475965221]}, {""component"": 1, ""base_indices"": [0, 0, 1], ""base_names"": [""raw"", ""raw"", ""snv""], ""chain_signatures"": [""detrend_d2>sg_smooth_w21_p3"", ""sg_d2_w11_p2>sg_smooth_w11_p2>detrend_d1"", ""sg_d1_w11_p2>sg_smooth_w21_p3>detrend_d2""], ""weights"": [0.00034767254908166977, 22.54557039750432, 0.1722417843184341]}, {""component"": 2, ""base_indices"": [0, 0, 1], ""base_names"": [""raw"", ""raw"", ""snv""], ""chain_signatures"": [""sg_smooth_w21_p3"", ""sg_smooth_w21_p3>detrend_d2>sg_d2_w11_p2"", ""detrend_d2>sg_smooth_w21_p3""], ""weights"": [2.8217716089181724e-05, 21.165017441111054, 2.7244496421782965e-05]}, {""component"": 3, ""base_indices"": [0, 0, 0], ""base_names"": [""raw"", ""raw"", ""raw""], ""chain_signatures"": [""sg_d2_w11_p2>sg_smooth_w11_p2>detrend_d1"", ""detrend_d2>sg_smooth_w11_p2>fd_d1"", ""detrend_d2>fd_d1""], ""weights"": [16.372495513569735, 12.643354411306467, 9.630937386854997]}, {""component"": 4, ""base_indices"": [0, 1, 1], ""base_names"": [""raw"", ""snv"", ""snv""], ""chain_signatures"": [""sg_smooth_w21_p3"", ""detrend_d2>sg_smooth_w21_p3"", ""detrend_d2>sg_smooth_w21_p3>sg_d1_w11_p2""], ""weights"": [8.563899808995432e-05, 2.1574576877295286e-05, 0.06585586480505708]}, {""component"": 5, ""base_indices"": [0, 0, 1], ""base_names"": [""raw"", ""raw"", ""snv""], ""chain_signatures"": [""sg_smooth_w21_p3>detrend_d2"", ""detrend_d2>sg_smooth_w21_p3"", ""sg_smooth_w21_p3>detrend_d2>sg_d1_w11_p2""], ""weights"": [0.001233675789048351, 0.0013626110638574798, 0.29207796643441236]}, {""component"": 6, ""base_indices"": [1], ""base_names"": [""snv""], ""chain_signatures"": [""detrend_d1>fd_d1>sg_smooth_w11_p2""], ""weights"": [0.5648060012349065]}, {""component"": 7, ""base_indices"": [1, 1], ""base_names"": [""snv"", ""snv""], ""chain_signatures"": [""detrend_d1>sg_d1_w21_p3>sg_smooth_w21_p3"", ""detrend_d1>fd_d1>sg_smooth_w11_p2""], ""weights"": [0.0848668592699296, 2.102277044107246]}, {""component"": 8, ""base_indices"": [1, 1], ""base_names"": [""snv"", ""snv""], ""chain_signatures"": [""fd_d1>sg_smooth_w21_p3"", ""sg_d1_w11_p2>sg_smooth_w21_p3>detrend_d2""], ""weights"": [0.01314741867007988, 0.6907681512654776]}, {""component"": 9, ""base_indices"": [0, 1, 1], ""base_names"": [""raw"", ""snv"", ""snv""], ""chain_signatures"": [""detrend_d2>sg_smooth_w21_p3>sg_d1_w11_p2"", ""detrend_d2>sg_smooth_w21_p3>sg_d1_w11_p2"", ""detrend_d1>sg_smooth_w21_p3""], ""weights"": [5.768342563475901, 0.5003499130380606, 0.00023302450924756973]}, {""component"": 10, ""base_indices"": [0, 1, 0], ""base_names"": [""raw"", ""snv"", ""raw""], ""chain_signatures"": [""sg_smooth_w21_p3>detrend_d1>sg_d2_w11_p2"", ""detrend_d2>sg_smooth_w21_p3>sg_d1_w11_p2"", ""detrend_d2>sg_d1_w11_p2""], ""weights"": [1482.3203555258606, 3.8420214599183424, 81.12065040171481]}, {""component"": 11, ""base_indices"": [0, 1, 1], ""base_names"": [""raw"", ""snv"", ""snv""], ""chain_signatures"": [""detrend_d2>sg_d1_w11_p2"", ""fd_d1>detrend_d2>sg_smooth_w21_p3"", ""sg_d1_w11_p2>sg_smooth_w21_p3>detrend_d2""], ""weights"": [38.885524474236774, 0.8964747164857181, 1.0082042364936596]}]",{},12,15,77.36589442699915,6.087921491009183,0.7626293813330989,1.8713471951461842,2.2930167068944782,0,FastAOM/0.1.0,sparse non-negative mixture per component,145,290,80,0.07331793592701803,2.5684906620299444,34.46798967698123,40.327480715001,fastaom_v0_1,fastaom_smoke,diverse11,FastAOM-soft-chain-compact,fastaom-soft-aom-chain,FastAOM.models.fast_aom_pls_ridge,5.623535835975877,4.251900186630095,0.2474498095297839,,6111,2620,4200,,,,
LUCAS,LUCAS_SOC_Cropland_8731_NocitaKS,regression,FastAOM-sparse-mkr-compact,FastAOM-sparse-mkr-compact,,ok,,compact,,,5.103747020065838,3.7786443724803083,0.3801382833533913,,0,,,,,,,,,,,,,,FastAOM-sparse-mkr-compact,numpy,fastaom,sparse_mkr,screening+ridge,primal,compact,"[{""component"": 0, ""base_index"": 0, ""base_name"": ""raw"", ""chain_signature"": ""sg_smooth_w21_p3>detrend_d2"", ""score"": 0.0, ""theta"": 0.00030940851040244}, {""component"": 1, ""base_index"": 1, ""base_name"": ""snv"", ""chain_signature"": ""detrend_d1>fd_d1>sg_smooth_w21_p3"", ""score"": 0.0, ""theta"": 7.676903124423225e-05}, {""component"": 2, ""base_index"": 1, ""base_name"": ""snv"", ""chain_signature"": ""detrend_d1>sg_d1_w11_p2>sg_smooth_w21_p3"", ""score"": 0.0, ""theta"": 5.426503997225511e-05}, {""component"": 3, ""base_index"": 1, ""base_name"": ""snv"", ""chain_signature"": ""detrend_d1>sg_d1_w21_p3>sg_smooth_w21_p3"", ""score"": 0.0, ""theta"": 3.957457572386206e-05}, {""component"": 4, ""base_index"": 1, ""base_name"": ""snv"", ""chain_signature"": ""detrend_d2>fd_d1>sg_smooth_w11_p2"", ""score"": 0.0, ""theta"": 7.555546666991383e-05}, {""component"": 5, ""base_index"": 1, ""base_name"": ""snv"", ""chain_signature"": ""detrend_d2>fd_d1>sg_smooth_w21_p3"", ""score"": 0.0, ""theta"": 3.131306924339909e-05}]",{},0,15,78.84353395196376,2.9344002840225585,0.24284056542305965,1.351558379236145,1.773227890984439,0,FastAOM/0.1.0,multiple-kernel Ridge,145,290,60,0.07331793592701803,2.566264791006688,34.60414595797192,41.67117047001375,fastaom_v0_1,fastaom_smoke,diverse11,FastAOM-sparse-mkr-compact,fastaom-sparse-mkr,FastAOM.models.fast_aom_pls_ridge,5.103747020065838,3.7786443724803083,0.3801382833533913,,6111,2620,4200,,,,
LUCAS,LUCAS_SOC_Cropland_8731_NocitaKS,regression,FastAOM-hard-chain-multibase,FastAOM-hard-chain-multibase,,ok,,compact,,,5.393013126139325,4.115597874799365,0.3078830415182022,,0,,,,,,,,,,,,,,FastAOM-hard-chain-multibase,numpy,fastaom,hard_aom_chain,screening+ridge,primal,compact,"[{""component"": 0, ""base_index"": 0, ""base_name"": ""raw"", ""chain_signature"": ""sg_smooth_w21_p3>detrend_d2"", ""score"": 253242.98886055403}, {""component"": 1, ""base_index"": 1, ""base_name"": ""snv"", ""chain_signature"": ""sg_d1_w21_p3>detrend_d2"", ""score"": 123790.83340547554}, {""component"": 2, ""base_index"": 2, ""base_name"": ""msc"", ""chain_signature"": ""detrend_d2>fd_d1>sg_smooth_w21_p3"", ""score"": 63225.14565865285}, {""component"": 3, ""base_index"": 2, ""base_name"": ""msc"", ""chain_signature"": ""sg_d1_w21_p3>detrend_d2"", ""score"": 88245.42376175468}, {""component"": 4, ""base_index"": 0, ""base_name"": ""raw"", ""chain_signature"": ""sg_smooth_w21_p3>detrend_d2"", ""score"": 49305.489780474876}, {""component"": 5, ""base_index"": 1, ""base_name"": ""snv"", ""chain_signature"": ""detrend_d1"", ""score"": 25257.075368492995}, {""component"": 6, ""base_index"": 1, ""base_name"": ""snv"", ""chain_signature"": ""detrend_d2>fd_d1>sg_smooth_w21_p3"", ""score"": 31244.91503173939}, {""component"": 7, ""base_index"": 1, ""base_name"": ""snv"", ""chain_signature"": ""detrend_d2>fd_d1>sg_smooth_w21_p3"", ""score"": 27598.406921450733}, {""component"": 8, ""base_index"": 1, ""base_name"": ""snv"", ""chain_signature"": ""sg_smooth_w11_p2>detrend_d2>sg_d1_w11_p2"", ""score"": 64082.27298639578}, {""component"": 9, ""base_index"": 1, ""base_name"": ""snv"", ""chain_signature"": ""detrend_d1>fd_d1>sg_smooth_w21_p3"", ""score"": 19160.902535123965}, {""component"": 10, ""base_index"": 1, ""base_name"": ""snv"", ""chain_signature"": ""sg_d1_w21_p3>detrend_d2"", ""score"": 26533.597912312664}, {""component"": 11, ""base_index"": 0, ""base_name"": ""raw"", ""chain_signature"": ""sg_smooth_w21_p3>detrend_d2"", ""score"": 17829.730787601427}, {""component"": 12, ""base_index"": 0, ""base_name"": ""raw"", ""chain_signature"": ""sg_smooth_w11_p2>detrend_d1>fd_d1"", ""score"": 6224.0411899941455}, {""component"": 13, ""base_index"": 1, ""base_name"": ""snv"", ""chain_signature"": ""fd_d1>detrend_d1>sg_smooth_w11_p2"", ""score"": 8874.392843849084}, {""component"": 14, ""base_index"": 0, ""base_name"": ""raw"", ""chain_signature"": ""sg_smooth_w11_p2>detrend_d1>fd_d1"", ""score"": 5881.531746358794}]",{},15,15,941.1067883879878,5.725750063022133,0.5321066714965461,1.6408244853096314,2.0624939970579255,0,FastAOM/0.1.0,raw + SNV + MSC + EMSC bases,145,580,160,0.07331793592701803,5.081122328003403,70.63043977197958,865.3932067999849,fastaom_v0_1,fastaom_smoke,diverse11,FastAOM-hard-chain-multibase,fastaom-hard-aom-chain,FastAOM.models.fast_aom_pls_ridge,5.393013126139325,4.115597874799365,0.3078830415182022,,6111,2620,4200,,,,
LUCAS,LUCAS_SOC_Cropland_8731_NocitaKS,regression,FastAOM-hard-chain-asls,FastAOM-hard-chain-asls,,ok,,compact,,,5.304360218719307,4.006043574677442,0.3304507088998354,,0,,,,,,,,,,,,,,FastAOM-hard-chain-asls,numpy,fastaom,hard_aom_chain,screening+ridge,primal,compact,"[{""component"": 0, ""base_index"": 0, ""base_name"": ""raw"", ""chain_signature"": ""detrend_d2>fd_d1>sg_smooth_w21_p3"", ""score"": 283426.8580573219}, {""component"": 1, ""base_index"": 1, ""base_name"": ""snv"", ""chain_signature"": ""sg_smooth_w11_p2>detrend_d2>sg_d1_w11_p2"", ""score"": 106652.83201170574}, {""component"": 2, ""base_index"": 2, ""base_name"": ""asls_l10000_p0.001"", ""chain_signature"": ""sg_smooth_w11_p2>sg_d2_w11_p2"", ""score"": 65469.100725931545}, {""component"": 3, ""base_index"": 2, ""base_name"": ""asls_l10000_p0.001"", ""chain_signature"": ""detrend_d1>sg_d2_w11_p2>sg_smooth_w11_p2"", ""score"": 97917.5228197441}, {""component"": 4, ""base_index"": 2, ""base_name"": ""asls_l10000_p0.001"", ""chain_signature"": ""detrend_d2>sg_d2_w11_p2>sg_smooth_w21_p3"", ""score"": 49213.71780125132}, {""component"": 5, ""base_index"": 1, ""base_name"": ""snv"", ""chain_signature"": ""detrend_d1>sg_d1_w11_p2"", ""score"": 43873.195942593105}, {""component"": 6, ""base_index"": 0, ""base_name"": ""raw"", ""chain_signature"": ""sg_smooth_w11_p2>detrend_d2>sg_d2_w11_p2"", ""score"": 14624.596219753565}, {""component"": 7, ""base_index"": 0, ""base_name"": ""raw"", ""chain_signature"": ""sg_smooth_w11_p2>fd_d1"", ""score"": 21519.179173692028}, {""component"": 8, ""base_index"": 2, ""base_name"": ""asls_l10000_p0.001"", ""chain_signature"": ""detrend_d2"", ""score"": 21339.758960091236}, {""component"": 9, ""base_index"": 0, ""base_name"": ""raw"", ""chain_signature"": ""sg_smooth_w21_p3>detrend_d2"", ""score"": 27811.105350147394}, {""component"": 10, ""base_index"": 0, ""base_name"": ""raw"", ""chain_signature"": ""detrend_d2>sg_d1_w11_p2"", ""score"": 51300.092062930955}, {""component"": 11, ""base_index"": 2, ""base_name"": ""asls_l10000_p0.001"", ""chain_signature"": ""sg_d2_w11_p2>sg_smooth_w21_p3>detrend_d2"", ""score"": 16634.796525251266}, {""component"": 12, ""base_index"": 2, ""base_name"": ""asls_l10000_p0.001"", ""chain_signature"": ""detrend_d2>sg_smooth_w21_p3>fd_d1"", ""score"": 25594.16417742275}, {""component"": 13, ""base_index"": 1, ""base_name"": ""snv"", ""chain_signature"": ""fd_d1>detrend_d2>sg_smooth_w21_p3"", ""score"": 9344.165676211425}, {""component"": 14, ""base_index"": 2, ""base_name"": ""asls_l10000_p0.001"", ""chain_signature"": ""detrend_d2"", ""score"": 16123.999782604275}]",{},15,15,1240.7930239370326,21.789673548017163,0.44345376407652815,1.5521715778896135,1.9738410896379075,0,FastAOM/0.1.0,raw + SNV + 3 ASLS baselines,145,725,200,0.07331793592701803,6.36613728600787,173.05764723202446,1061.3672048550216,fastaom_v0_1,fastaom_smoke,diverse11,FastAOM-hard-chain-asls,fastaom-hard-aom-chain,FastAOM.models.fast_aom_pls_ridge,5.304360218719307,4.006043574677442,0.3304507088998354,,6111,2620,4200,,,,
LUCAS,LUCAS_SOC_Cropland_8731_NocitaKS,regression,FastAOM-hard-chain-osc,FastAOM-hard-chain-osc,,ok,,compact,,,5.4415257922052716,4.1202630768256565,0.2953752074175692,,0,,,,,,,,,,,,,,FastAOM-hard-chain-osc,numpy,fastaom,hard_aom_chain,screening+ridge,primal,compact,"[{""component"": 0, ""base_index"": 0, ""base_name"": ""raw"", ""chain_signature"": ""sg_smooth_w21_p3>detrend_d2"", ""score"": 253242.98886055403}, {""component"": 1, ""base_index"": 1, ""base_name"": ""snv"", ""chain_signature"": ""detrend_d1>sg_smooth_w21_p3"", ""score"": 78414.34293240207}, {""component"": 2, ""base_index"": 1, ""base_name"": ""snv"", ""chain_signature"": ""detrend_d2>sg_smooth_w21_p3"", ""score"": 88215.86393201239}, {""component"": 3, ""base_index"": 1, ""base_name"": ""snv"", ""chain_signature"": ""detrend_d2>fd_d1>sg_smooth_w11_p2"", ""score"": 63040.396588094554}, {""component"": 4, ""base_index"": 0, ""base_name"": ""raw"", ""chain_signature"": ""detrend_d2>sg_d1_w11_p2"", ""score"": 47558.96164336179}, {""component"": 5, ""base_index"": 2, ""base_name"": ""osc_n2"", ""chain_signature"": ""fd_d1>sg_smooth_w21_p3"", ""score"": 40361.156131993914}, {""component"": 6, ""base_index"": 0, ""base_name"": ""raw"", ""chain_signature"": ""detrend_d2>sg_smooth_w21_p3>fd_d1"", ""score"": 37832.584313267886}, {""component"": 7, ""base_index"": 2, ""base_name"": ""osc_n2"", ""chain_signature"": ""sg_smooth_w21_p3>detrend_d1>fd_d1"", ""score"": 50173.82967242975}, {""component"": 8, ""base_index"": 3, ""base_name"": ""osc_n3"", ""chain_signature"": ""sg_d1_w11_p2>sg_smooth_w11_p2"", ""score"": 46454.62463029273}, {""component"": 9, ""base_index"": 1, ""base_name"": ""snv"", ""chain_signature"": ""detrend_d2>sg_smooth_w21_p3>sg_d1_w11_p2"", ""score"": 73751.8965831251}, {""component"": 10, ""base_index"": 1, ""base_name"": ""snv"", ""chain_signature"": ""detrend_d2>sg_d1_w11_p2>sg_smooth_w21_p3"", ""score"": 21893.526426216522}, {""component"": 11, ""base_index"": 3, ""base_name"": ""osc_n3"", ""chain_signature"": ""sg_smooth_w11_p2>detrend_d2>sg_d2_w11_p2"", ""score"": 14553.595240740726}, {""component"": 12, ""base_index"": 2, ""base_name"": ""osc_n2"", ""chain_signature"": ""sg_smooth_w21_p3>detrend_d1>fd_d1"", ""score"": 17975.448462165306}, {""component"": 13, ""base_index"": 3, ""base_name"": ""osc_n3"", ""chain_signature"": ""sg_d1_w11_p2>detrend_d1>sg_smooth_w11_p2"", ""score"": 21424.121787685635}, {""component"": 14, ""base_index"": 3, ""base_name"": ""osc_n3"", ""chain_signature"": ""sg_d1_w11_p2>detrend_d1>sg_smooth_w11_p2"", ""score"": 17596.037410461788}]",{},15,15,890.5090154199861,6.103695288999006,0.5806193375624931,1.6893371513755784,2.1110066631238724,0,FastAOM/0.1.0,raw + SNV + OSC(2) + OSC(3),145,580,160,0.08676809051402869,5.136555272969417,72.29539645498153,813.0750600139727,fastaom_v0_1,fastaom_smoke,diverse11,FastAOM-hard-chain-osc,fastaom-hard-aom-chain,FastAOM.models.fast_aom_pls_ridge,5.4415257922052716,4.1202630768256565,0.2953752074175692,,6111,2620,4200,,,,
LUCAS,LUCAS_SOC_Cropland_8731_NocitaKS,regression,FastAOM-hard-chain-supervised,FastAOM-hard-chain-supervised,,ok,,compact,,,5.127000427223976,3.8679511872603567,0.37447705730980374,,0,,,,,,,,,,,,,,FastAOM-hard-chain-supervised,numpy,fastaom,hard_aom_chain,screening+ridge,primal,compact,"[{""component"": 0, ""base_index"": 0, ""base_name"": ""raw"", ""chain_signature"": ""detrend_d2"", ""score"": 251196.1195959974}, {""component"": 1, ""base_index"": 1, ""base_name"": ""snv"", ""chain_signature"": ""detrend_d1"", ""score"": 77354.75694159998}, {""component"": 2, ""base_index"": 1, ""base_name"": ""snv"", ""chain_signature"": ""detrend_d2>sg_smooth_w21_p3"", ""score"": 84552.3683276049}, {""component"": 3, ""base_index"": 1, ""base_name"": ""snv"", ""chain_signature"": ""detrend_d2>fd_d1>sg_smooth_w11_p2"", ""score"": 68362.76788083512}, {""component"": 4, ""base_index"": 4, ""base_name"": ""asls_l100000_p0.01"", ""chain_signature"": ""fd_d1>sg_smooth_w21_p3"", ""score"": 56031.235694083014}, {""component"": 5, ""base_index"": 5, ""base_name"": ""osc_n2"", ""chain_signature"": ""sg_smooth_w11_p2>detrend_d2>sg_d2_w11_p2"", ""score"": 33309.70903778793}, {""component"": 6, ""base_index"": 3, ""base_name"": ""asls_l10000_p0.001"", ""chain_signature"": ""detrend_d1>sg_d2_w11_p2>sg_smooth_w21_p3"", ""score"": 47405.35486841227}, {""component"": 7, ""base_index"": 0, ""base_name"": ""raw"", ""chain_signature"": ""detrend_d2"", ""score"": 37874.10086899143}, {""component"": 8, ""base_index"": 3, ""base_name"": ""asls_l10000_p0.001"", ""chain_signature"": ""detrend_d2>sg_d2_w11_p2>sg_smooth_w21_p3"", ""score"": 49989.51661418756}, {""component"": 9, ""base_index"": 0, ""base_name"": ""raw"", ""chain_signature"": ""fd_d1>sg_smooth_w21_p3"", ""score"": 31962.37223116916}, {""component"": 10, ""base_index"": 5, ""base_name"": ""osc_n2"", ""chain_signature"": ""sg_d1_w21_p3>sg_smooth_w11_p2>detrend_d2"", ""score"": 30620.628908235984}, {""component"": 11, ""base_index"": 3, ""base_name"": ""asls_l10000_p0.001"", ""chain_signature"": ""detrend_d2>fd_d1"", ""score"": 31503.346912002697}, {""component"": 12, ""base_index"": 5, ""base_name"": ""osc_n2"", ""chain_signature"": ""sg_smooth_w21_p3>detrend_d1>fd_d1"", ""score"": 15314.912119259916}, {""component"": 13, ""base_index"": 3, ""base_name"": ""asls_l10000_p0.001"", ""chain_signature"": ""detrend_d1>sg_d2_w11_p2>sg_smooth_w21_p3"", ""score"": 11790.987879170474}, {""component"": 14, ""base_index"": 6, ""base_name"": ""snv_osc_n2"", ""chain_signature"": ""detrend_d1>sg_smooth_w21_p3>sg_d1_w21_p3"", ""score"": 35746.07293611324}]",{},15,15,1323.6492041340098,30.892619677004404,0.2660939725811975,1.3748117863942828,1.7964812981425768,0,FastAOM/0.1.0,raw + SNV + EMSC + 2 ASLS + OSC(2) + SNV-OSC (full supervised pack),145,1015,228,0.08450685684935826,8.974789685045835,181.98486918903654,1132.6881489710067,fastaom_v0_1,fastaom_smoke,diverse11,FastAOM-hard-chain-supervised,fastaom-hard-aom-chain,FastAOM.models.fast_aom_pls_ridge,5.127000427223976,3.8679511872603567,0.37447705730980374,,6111,2620,4200,,,,
LUCAS,LUCAS_SOC_Cropland_8731_NocitaKS,regression,FastAOM-single-chain-supervised-cv5-numpy,FastAOM-single-chain-supervised-cv5-numpy,,ok,,compact,,,7.233194697002667,5.222712264010838,-0.24502148614674568,,0,,,,,,,,,,,,,,FastAOM-single-chain-supervised-cv5-numpy,numpy,fastaom,single_chain,screening+ridge,primal,compact,"[{""base_index"": 5, ""chain_signature"": ""sg_smooth_w21_p3""}, {""base_index"": 5, ""chain_signature"": ""sg_smooth_w11_p2""}, {""base_index"": 5, ""chain_signature"": ""identity""}, {""base_index"": 5, ""chain_signature"": ""sg_smooth_w21_p3>detrend_d1>sg_d2_w11_p2""}, {""base_index"": 5, ""chain_signature"": ""sg_smooth_w21_p3>detrend_d2>sg_d2_w11_p2""}, {""base_index"": 5, ""chain_signature"": ""sg_d2_w11_p2>detrend_d1""}, {""base_index"": 5, ""chain_signature"": ""sg_d2_w11_p2>sg_smooth_w11_p2>detrend_d1""}, {""base_index"": 5, ""chain_signature"": ""sg_d2_w11_p2>detrend_d1>sg_smooth_w11_p2""}, {""base_index"": 5, ""chain_signature"": ""sg_d2_w11_p2""}, {""base_index"": 5, ""chain_signature"": ""sg_d2_w11_p2>sg_smooth_w11_p2""}, {""base_index"": 5, ""chain_signature"": ""sg_d2_w11_p2>detrend_d2""}, {""base_index"": 5, ""chain_signature"": ""sg_d2_w11_p2>detrend_d2>sg_smooth_w11_p2""}, {""base_index"": 5, ""chain_signature"": ""sg_d2_w11_p2>sg_smooth_w11_p2>detrend_d2""}, {""base_index"": 5, ""chain_signature"": ""sg_smooth_w11_p2>sg_d2_w11_p2>detrend_d1""}, {""base_index"": 5, ""chain_signature"": ""sg_smooth_w11_p2>sg_d2_w11_p2""}, {""base_index"": 5, ""chain_signature"": ""sg_smooth_w11_p2>sg_d2_w11_p2>detrend_d2""}, {""base_index"": 5, ""chain_signature"": ""sg_d2_w11_p2>sg_smooth_w21_p3>detrend_d1""}, {""base_index"": 5, ""chain_signature"": ""sg_d2_w11_p2>detrend_d1>sg_smooth_w21_p3""}, {""base_index"": 5, ""chain_signature"": ""sg_smooth_w21_p3>sg_d2_w11_p2>detrend_d1""}, {""base_index"": 5, ""chain_signature"": ""sg_d2_w11_p2>sg_smooth_w21_p3""}, {""base_index"": 5, ""chain_signature"": ""sg_smooth_w21_p3>sg_d2_w11_p2""}, {""base_index"": 5, ""chain_signature"": ""sg_d2_w11_p2>detrend_d2>sg_smooth_w21_p3""}, {""base_index"": 5, ""chain_signature"": ""sg_d2_w11_p2>sg_smooth_w21_p3>detrend_d2""}, {""base_index"": 5, ""chain_signature"": ""sg_smooth_w21_p3>sg_d2_w11_p2>detrend_d2""}, {""base_index"": 5, ""chain_signature"": ""sg_smooth_w21_p3>detrend_d2>fd_d1""}]",{},15,15,192.2258031980018,0.16951156902359799,2.3722882423598888,3.481006056172974,3.902675567921268,0,FastAOM/0.1.0,single-chain + supervised bases + CV-5 n_components,145,1015,228,0.08450685684935826,8.981725832971279,181.54740267101442,1.6945680089993402,fastaom_v0_1,fastaom_smoke,diverse11,FastAOM-single-chain-supervised-cv5-numpy,fastaom-single-chain-pls-ridge,FastAOM.models.fast_aom_pls_ridge,7.233194697002667,5.222712264010838,-0.24502148614674568,,6111,2620,4200,,,,
LUCAS,LUCAS_SOC_Cropland_8731_NocitaKS,regression,FastAOM-sparse-mkr-supervised,FastAOM-sparse-mkr-supervised,,ok,,compact,,,4.731313532260032,3.527108670314347,0.4673033162190673,,0,,,,,,,,,,,,,,FastAOM-sparse-mkr-supervised,numpy,fastaom,sparse_mkr,screening+ridge,primal,compact,"[{""component"": 0, ""base_index"": 0, ""base_name"": ""raw"", ""chain_signature"": ""detrend_d2>fd_d1>sg_smooth_w21_p3"", ""score"": 0.0, ""theta"": 3.195443342993039}, {""component"": 1, ""base_index"": 5, ""base_name"": ""osc_n2"", ""chain_signature"": ""sg_smooth_w11_p2>detrend_d2>fd_d1"", ""score"": 0.0, ""theta"": 0.04474373881010321}, {""component"": 2, ""base_index"": 5, ""base_name"": ""osc_n2"", ""chain_signature"": ""sg_smooth_w21_p3>detrend_d2>sg_d2_w11_p2"", ""score"": 0.0, ""theta"": 0.10621334588074138}, {""component"": 3, ""base_index"": 5, ""base_name"": ""osc_n2"", ""chain_signature"": ""sg_smooth_w11_p2>detrend_d2>sg_d2_w11_p2"", ""score"": 0.0, ""theta"": 0.014208646392031609}]",{},0,15,366.68725421401905,2.020163618028164,-0.12959292238274678,0.9791248914303385,1.4007944031786326,0,FastAOM/0.1.0,sparse MKR + supervised bases,145,870,160,0.08450685684935826,7.641410734970123,163.55399785999907,195.4898159109871,fastaom_v0_1,fastaom_smoke,diverse11,FastAOM-sparse-mkr-supervised,fastaom-sparse-mkr,FastAOM.models.fast_aom_pls_ridge,4.731313532260032,3.527108670314347,0.4673033162190673,,6111,2620,4200,,,,
LUCAS,LUCAS_SOC_all_26650_NocitaKS,regression,FastAOM-single-chain-compact,FastAOM-single-chain-compact,,ok,,compact,,,16.981412159772326,12.529985957659115,-0.49265261103556224,,0,,,,,,,,,,,,,,FastAOM-single-chain-compact,numpy,fastaom,single_chain,screening+ridge,primal,compact,"[{""base_index"": 0, ""chain_signature"": ""detrend_d2>sg_smooth_w11_p2>sg_d2_w11_p2""}, {""base_index"": 0, ""chain_signature"": ""detrend_d2>sg_d2_w11_p2""}, {""base_index"": 0, ""chain_signature"": ""detrend_d2>sg_d2_w11_p2>sg_smooth_w11_p2""}, {""base_index"": 0, ""chain_signature"": ""detrend_d2>sg_smooth_w21_p3>sg_d2_w11_p2""}, {""base_index"": 0, ""chain_signature"": ""detrend_d2>sg_d2_w11_p2>sg_smooth_w21_p3""}, {""base_index"": 0, ""chain_signature"": ""detrend_d2>fd_d1""}, {""base_index"": 0, ""chain_signature"": ""detrend_d2>sg_smooth_w11_p2>fd_d1""}, {""base_index"": 0, ""chain_signature"": ""detrend_d2>sg_smooth_w21_p3>fd_d1""}, {""base_index"": 0, ""chain_signature"": ""sg_smooth_w11_p2>detrend_d2>sg_d2_w11_p2""}, {""base_index"": 0, ""chain_signature"": ""sg_smooth_w21_p3>detrend_d2>fd_d1""}, {""base_index"": 0, ""chain_signature"": ""sg_smooth_w21_p3>detrend_d2>sg_d2_w11_p2""}, {""base_index"": 0, ""chain_signature"": ""detrend_d2>sg_smooth_w21_p3>sg_d1_w21_p3""}, {""base_index"": 0, ""chain_signature"": ""detrend_d2>sg_smooth_w21_p3>sg_d1_w11_p2""}, {""base_index"": 0, ""chain_signature"": ""detrend_d2>sg_smooth_w11_p2>sg_d1_w21_p3""}, {""base_index"": 0, ""chain_signature"": ""sg_smooth_w11_p2>detrend_d2>fd_d1""}, {""base_index"": 0, ""chain_signature"": ""detrend_d2>sg_smooth_w11_p2>sg_d1_w11_p2""}, {""base_index"": 0, ""chain_signature"": ""detrend_d1>sg_smooth_w21_p3""}, {""base_index"": 0, ""chain_signature"": ""detrend_d1>sg_smooth_w11_p2""}, {""base_index"": 0, ""chain_signature"": ""detrend_d1""}, {""base_index"": 0, ""chain_signature"": ""sg_smooth_w11_p2>detrend_d1""}, {""base_index"": 0, ""chain_signature"": ""sg_smooth_w21_p3>detrend_d1""}, {""base_index"": 0, ""chain_signature"": ""detrend_d2>sg_d1_w21_p3""}, {""base_index"": 0, ""chain_signature"": ""detrend_d2>sg_d1_w11_p2""}, {""base_index"": 0, ""chain_signature"": ""detrend_d2>sg_d1_w21_p3>sg_smooth_w11_p2""}, {""base_index"": 0, ""chain_signature"": ""sg_smooth_w11_p2>detrend_d2>sg_d1_w21_p3""}]",{},15,15,38.29643807996763,0.38405906199477613,,10.671318451633056,11.431797742289604,0,FastAOM/0.1.0,top-1 chain from fast screening,145,290,120,0.45188706626167513,2.5945234070532024,32.4996354689938,3.2012016070075333,fastaom_v0_1,fastaom_smoke,diverse11,FastAOM-single-chain-compact,fastaom-single-chain-pls-ridge,FastAOM.models.fast_aom_pls_ridge,16.981412159772326,12.529985957659115,-0.49265261103556224,,13325,5711,4200,,,,
LUCAS,LUCAS_SOC_all_26650_NocitaKS,regression,FastAOM-single-chain-compact-cv5-numpy,FastAOM-single-chain-compact-cv5-numpy,,ok,,compact,,,16.981412159772326,12.529985957659115,-0.49265261103556224,,0,,,,,,,,,,,,,,FastAOM-single-chain-compact-cv5-numpy,numpy,fastaom,single_chain,screening+ridge,primal,compact,"[{""base_index"": 0, ""chain_signature"": ""detrend_d2>sg_smooth_w11_p2>sg_d2_w11_p2""}, {""base_index"": 0, ""chain_signature"": ""detrend_d2>sg_d2_w11_p2""}, {""base_index"": 0, ""chain_signature"": ""detrend_d2>sg_d2_w11_p2>sg_smooth_w11_p2""}, {""base_index"": 0, ""chain_signature"": ""detrend_d2>sg_smooth_w21_p3>sg_d2_w11_p2""}, {""base_index"": 0, ""chain_signature"": ""detrend_d2>sg_d2_w11_p2>sg_smooth_w21_p3""}, {""base_index"": 0, ""chain_signature"": ""detrend_d2>fd_d1""}, {""base_index"": 0, ""chain_signature"": ""detrend_d2>sg_smooth_w11_p2>fd_d1""}, {""base_index"": 0, ""chain_signature"": ""detrend_d2>sg_smooth_w21_p3>fd_d1""}, {""base_index"": 0, ""chain_signature"": ""sg_smooth_w11_p2>detrend_d2>sg_d2_w11_p2""}, {""base_index"": 0, ""chain_signature"": ""sg_smooth_w21_p3>detrend_d2>fd_d1""}, {""base_index"": 0, ""chain_signature"": ""sg_smooth_w21_p3>detrend_d2>sg_d2_w11_p2""}, {""base_index"": 0, ""chain_signature"": ""detrend_d2>sg_smooth_w21_p3>sg_d1_w21_p3""}, {""base_index"": 0, ""chain_signature"": ""detrend_d2>sg_smooth_w21_p3>sg_d1_w11_p2""}, {""base_index"": 0, ""chain_signature"": ""detrend_d2>sg_smooth_w11_p2>sg_d1_w21_p3""}, {""base_index"": 0, ""chain_signature"": ""sg_smooth_w11_p2>detrend_d2>fd_d1""}, {""base_index"": 0, ""chain_signature"": ""detrend_d2>sg_smooth_w11_p2>sg_d1_w11_p2""}, {""base_index"": 0, ""chain_signature"": ""detrend_d1>sg_smooth_w21_p3""}, {""base_index"": 0, ""chain_signature"": ""detrend_d1>sg_smooth_w11_p2""}, {""base_index"": 0, ""chain_signature"": ""detrend_d1""}, {""base_index"": 0, ""chain_signature"": ""sg_smooth_w11_p2>detrend_d1""}, {""base_index"": 0, ""chain_signature"": ""sg_smooth_w21_p3>detrend_d1""}, {""base_index"": 0, ""chain_signature"": ""detrend_d2>sg_d1_w21_p3""}, {""base_index"": 0, ""chain_signature"": ""detrend_d2>sg_d1_w11_p2""}, {""base_index"": 0, ""chain_signature"": ""detrend_d2>sg_d1_w21_p3>sg_smooth_w11_p2""}, {""base_index"": 0, ""chain_signature"": ""sg_smooth_w11_p2>detrend_d2>sg_d1_w21_p3""}]",{},15,15,38.273745022015646,0.3722670000279322,,10.671318451633056,11.431797742289604,0,FastAOM/0.1.0,top-1 chain + 5-fold sklearn KFold CV n_components (apples-to-apples with ASLS-AOM-compact-cv5-numpy),145,290,120,0.45188706626167513,2.6735523979878053,32.352587087953,3.245712623989675,fastaom_v0_1,fastaom_smoke,diverse11,FastAOM-single-chain-compact-cv5-numpy,fastaom-single-chain-pls-ridge,FastAOM.models.fast_aom_pls_ridge,16.981412159772326,12.529985957659115,-0.49265261103556224,,13325,5711,4200,,,,
LUCAS,LUCAS_SOC_all_26650_NocitaKS,regression,FastAOM-hard-chain-compact,FastAOM-hard-chain-compact,,ok,,compact,,,19.12530939281849,15.316708165738746,-0.8933376803021724,,0,,,,,,,,,,,,,,FastAOM-hard-chain-compact,numpy,fastaom,hard_aom_chain,screening+ridge,primal,compact,"[{""component"": 0, ""base_index"": 0, ""base_name"": ""raw"", ""chain_signature"": ""sg_smooth_w21_p3>detrend_d2"", ""score"": 89917673.87798071}, {""component"": 1, ""base_index"": 1, ""base_name"": ""snv"", ""chain_signature"": ""detrend_d1>fd_d1>sg_smooth_w21_p3"", ""score"": 10063443.32767299}, {""component"": 2, ""base_index"": 0, ""base_name"": ""raw"", ""chain_signature"": ""detrend_d2>sg_d1_w11_p2>sg_smooth_w21_p3"", ""score"": 8355988.21449938}, {""component"": 3, ""base_index"": 0, ""base_name"": ""raw"", ""chain_signature"": ""sg_smooth_w11_p2>detrend_d2>sg_d1_w11_p2"", ""score"": 9686813.33911352}, {""component"": 4, ""base_index"": 0, ""base_name"": ""raw"", ""chain_signature"": ""sg_smooth_w21_p3>detrend_d2>sg_d1_w21_p3"", ""score"": 4509157.750454815}, {""component"": 5, ""base_index"": 1, ""base_name"": ""snv"", ""chain_signature"": ""sg_smooth_w21_p3>detrend_d2"", ""score"": 2422713.565947005}, {""component"": 6, ""base_index"": 0, ""base_name"": ""raw"", ""chain_signature"": ""detrend_d2>sg_smooth_w21_p3>sg_d1_w11_p2"", ""score"": 2246163.44050439}, {""component"": 7, ""base_index"": 1, ""base_name"": ""snv"", ""chain_signature"": ""sg_smooth_w21_p3>detrend_d2"", ""score"": 1062368.3747573888}, {""component"": 8, ""base_index"": 0, ""base_name"": ""raw"", ""chain_signature"": ""sg_smooth_w11_p2>detrend_d2>sg_d1_w11_p2"", ""score"": 1658899.593962729}, {""component"": 9, ""base_index"": 0, ""base_name"": ""raw"", ""chain_signature"": ""detrend_d2"", ""score"": 604810.6174137631}, {""component"": 10, ""base_index"": 1, ""base_name"": ""snv"", ""chain_signature"": ""detrend_d1>fd_d1>sg_smooth_w21_p3"", ""score"": 734942.882371281}, {""component"": 11, ""base_index"": 1, ""base_name"": ""snv"", ""chain_signature"": ""detrend_d1"", ""score"": 313321.79550824687}, {""component"": 12, ""base_index"": 1, ""base_name"": ""snv"", ""chain_signature"": ""fd_d1>detrend_d2>sg_smooth_w21_p3"", ""score"": 334053.72060917557}, {""component"": 13, ""base_index"": 1, ""base_name"": ""snv"", ""chain_signature"": ""detrend_d1>sg_d1_w21_p3"", ""score"": 350309.32145112363}, {""component"": 14, ""base_index"": 0, ""base_name"": ""raw"", ""chain_signature"": ""sg_smooth_w21_p3>detrend_d2>sg_d1_w21_p3"", ""score"": 140751.80553511612}]",{},15,15,1446.3525640830048,13.48689809301868,,12.81521568467922,13.575694975335768,0,FastAOM/0.1.0,"one chain per latent component, compact bank, depth=3",145,290,120,0.45188706626167513,2.615164635994006,32.570992972003296,1411.164502280997,fastaom_v0_1,fastaom_smoke,diverse11,FastAOM-hard-chain-compact,fastaom-hard-aom-chain,FastAOM.models.fast_aom_pls_ridge,19.12530939281849,15.316708165738746,-0.8933376803021724,,13325,5711,4200,,,,
LUCAS,LUCAS_SOC_all_26650_NocitaKS,regression,FastAOM-soft-chain-compact,FastAOM-soft-chain-compact,,ok,,compact,,,18.63900751543711,15.075624243504492,-0.7982774813955602,,0,,,,,,,,,,,,,,FastAOM-soft-chain-compact,numpy,fastaom,soft_aom_chain,screening+ridge,primal,compact,"[{""component"": 0, ""base_indices"": [0, 0, 0], ""base_names"": [""raw"", ""raw"", ""raw""], ""chain_signatures"": [""detrend_d1>sg_smooth_w21_p3"", ""sg_smooth_w21_p3>detrend_d2"", ""sg_d1_w11_p2>sg_smooth_w11_p2>detrend_d1""], ""weights"": [8.141933211479434e-06, 4.186532441744551e-05, 0.014768266600093453]}, {""component"": 1, ""base_indices"": [0, 0, 1], ""base_names"": [""raw"", ""raw"", ""snv""], ""chain_signatures"": [""detrend_d2>fd_d1>sg_smooth_w21_p3"", ""sg_d1_w11_p2>sg_smooth_w11_p2>detrend_d1"", ""detrend_d2>fd_d1>sg_smooth_w11_p2""], ""weights"": [5.098266877478137, 0.68225167414845, 0.021446236891374548]}, {""component"": 2, ""base_indices"": [0, 0, 1], ""base_names"": [""raw"", ""raw"", ""snv""], ""chain_signatures"": [""detrend_d2>sg_smooth_w21_p3>fd_d1"", ""sg_smooth_w21_p3>detrend_d2>fd_d1"", ""detrend_d2""], ""weights"": [1.188050347313756, 0.1616070196729369, 7.125604625056137e-06]}, {""component"": 3, ""base_indices"": [0, 0, 0], ""base_names"": [""raw"", ""raw"", ""raw""], ""chain_signatures"": [""sg_smooth_w21_p3>detrend_d2>sg_d2_w11_p2"", ""sg_smooth_w21_p3>detrend_d2"", ""detrend_d1>sg_d2_w11_p2""], ""weights"": [4.5852665900367615, 0.00031938498412676405, 20.632718682816847]}, {""component"": 4, ""base_indices"": [0, 0, 1], ""base_names"": [""raw"", ""raw"", ""snv""], ""chain_signatures"": [""sg_smooth_w21_p3>detrend_d2>sg_d2_w11_p2"", ""sg_smooth_w21_p3>fd_d1>detrend_d1"", ""detrend_d2>fd_d1>sg_smooth_w11_p2""], ""weights"": [8.520686410239698, 0.271540004024029, 0.2676489476960378]}, {""component"": 5, ""base_indices"": [0, 1, 1], ""base_names"": [""raw"", ""snv"", ""snv""], ""chain_signatures"": [""detrend_d1>sg_d2_w11_p2>sg_smooth_w11_p2"", ""sg_smooth_w11_p2>detrend_d2>sg_d2_w11_p2"", ""detrend_d2>fd_d1>sg_smooth_w11_p2""], ""weights"": [25.206797469272832, 2.8503670341457976, 0.05755413265759791]}, {""component"": 6, ""base_indices"": [0, 0, 1], ""base_names"": [""raw"", ""raw"", ""snv""], ""chain_signatures"": [""sg_smooth_w21_p3>detrend_d2>fd_d1"", ""sg_smooth_w21_p3>detrend_d2>sg_d2_w11_p2"", ""detrend_d2>sg_smooth_w11_p2>sg_d2_w11_p2""], ""weights"": [0.04709987397437351, 3.599845216176898, 17.260759334348283]}, {""component"": 7, ""base_indices"": [1, 1, 1], ""base_names"": [""snv"", ""snv"", ""snv""], ""chain_signatures"": [""detrend_d2>sg_d2_w11_p2>sg_smooth_w21_p3"", ""sg_smooth_w11_p2>detrend_d2>sg_d1_w21_p3"", ""detrend_d2>fd_d1>sg_smooth_w11_p2""], ""weights"": [5.01112845056763, 0.1157248573136121, 0.04415845723460591]}, {""component"": 8, ""base_indices"": [0, 1, 1], ""base_names"": [""raw"", ""snv"", ""snv""], ""chain_signatures"": [""detrend_d2>sg_d2_w11_p2>sg_smooth_w21_p3"", ""detrend_d2>sg_d2_w11_p2>sg_smooth_w21_p3"", ""detrend_d2>fd_d1>sg_smooth_w11_p2""], ""weights"": [2448.302960260361, 163.38243180593935, 0.10785227752751265]}, {""component"": 9, ""base_indices"": [0, 0, 1], ""base_names"": [""raw"", ""raw"", ""snv""], ""chain_signatures"": [""detrend_d2>sg_smooth_w11_p2>fd_d1"", ""sg_smooth_w21_p3>detrend_d2"", ""detrend_d2>sg_smooth_w11_p2>sg_d2_w11_p2""], ""weights"": [22.575662252110522, 0.0010226100187713616, 26.017571163214694]}, {""component"": 10, ""base_indices"": [1, 1, 1], ""base_names"": [""snv"", ""snv"", ""snv""], ""chain_signatures"": [""detrend_d2>sg_d1_w11_p2>sg_smooth_w11_p2"", ""detrend_d2>fd_d1>sg_smooth_w11_p2"", ""sg_smooth_w11_p2>detrend_d2>fd_d1""], ""weights"": [0.17039579156535217, 0.09711476234300186, 0.012400067424758464]}, {""component"": 11, ""base_indices"": [0, 1, 1], ""base_names"": [""raw"", ""snv"", ""snv""], ""chain_signatures"": [""sg_smooth_w21_p3>detrend_d2>sg_d2_w11_p2"", ""detrend_d2>fd_d1>sg_smooth_w11_p2"", ""detrend_d2""], ""weights"": [18.922561385694465, 1.1179457625967288, 0.00013156442230806957]}]",{},12,15,124.74502865300747,13.88195921498118,,12.328913807297841,13.089393097954389,0,FastAOM/0.1.0,sparse non-negative mixture per component,145,290,80,0.45188706626167513,2.605088060023263,32.653961264004465,89.48402855498716,fastaom_v0_1,fastaom_smoke,diverse11,FastAOM-soft-chain-compact,fastaom-soft-aom-chain,FastAOM.models.fast_aom_pls_ridge,18.63900751543711,15.075624243504492,-0.7982774813955602,,13325,5711,4200,,,,
LUCAS,LUCAS_SOC_all_26650_NocitaKS,regression,FastAOM-sparse-mkr-compact,FastAOM-sparse-mkr-compact,,skipped,"SparseMultiKernelRidge: n=13325 exceeds dense-kernel guard (8000); skip this variant on very large datasets | Traceback (most recent call last):   File ""/home/delete/nirs4all/bench/AOM_v0/FastAOM/benchmarks/run_fast_aom_benchmark.py"", line 542, in run_dataset     row = _run_variant(variant, Xtr, ytr, Xte, yte, seed, cohort_row, max_components)           ^^^^^^^^^^^^^^^^^^^^^^^^^^^^^^^^^^^^^^^^^^^^",,,,,,,,0,,,,,,,,,,,,,,FastAOM-sparse-mkr-compact,numpy,fastaom,sparse_mkr,,,compact,,,,,,,,,,0,FastAOM/0.1.0,exception during run,,,,,,,,fastaom_v0_1,fastaom_smoke,diverse11,FastAOM-sparse-mkr-compact,fastaom-sparse-mkr,FastAOM.models.fast_aom_pls_ridge,,,,SparseMultiKernelRidge: n=13325 exceeds dense-kernel guard (8000); skip this variant on very large datasets,,,,,,,
LUCAS,LUCAS_SOC_all_26650_NocitaKS,regression,FastAOM-hard-chain-multibase,FastAOM-hard-chain-multibase,,ok,,compact,,,16.880392043743562,13.348368563164877,-0.47494625893140485,,0,,,,,,,,,,,,,,FastAOM-hard-chain-multibase,numpy,fastaom,hard_aom_chain,screening+ridge,primal,compact,"[{""component"": 0, ""base_index"": 0, ""base_name"": ""raw"", ""chain_signature"": ""sg_smooth_w21_p3>detrend_d2"", ""score"": 89917673.87798071}, {""component"": 1, ""base_index"": 1, ""base_name"": ""snv"", ""chain_signature"": ""detrend_d2>fd_d1>sg_smooth_w21_p3"", ""score"": 9678924.364252819}, {""component"": 2, ""base_index"": 0, ""base_name"": ""raw"", ""chain_signature"": ""detrend_d2>fd_d1>sg_smooth_w21_p3"", ""score"": 9743369.217745239}, {""component"": 3, ""base_index"": 0, ""base_name"": ""raw"", ""chain_signature"": ""sg_smooth_w11_p2>detrend_d2>sg_d1_w11_p2"", ""score"": 7016388.022183752}, {""component"": 4, ""base_index"": 1, ""base_name"": ""snv"", ""chain_signature"": ""detrend_d2>fd_d1>sg_smooth_w21_p3"", ""score"": 2715748.05388993}, {""component"": 5, ""base_index"": 2, ""base_name"": ""msc"", ""chain_signature"": ""detrend_d2"", ""score"": 4856555.378784389}, {""component"": 6, ""base_index"": 0, ""base_name"": ""raw"", ""chain_signature"": ""detrend_d2>fd_d1>sg_smooth_w21_p3"", ""score"": 2710849.318799298}, {""component"": 7, ""base_index"": 0, ""base_name"": ""raw"", ""chain_signature"": ""detrend_d2>sg_d1_w11_p2>sg_smooth_w21_p3"", ""score"": 1906363.8986687453}, {""component"": 8, ""base_index"": 0, ""base_name"": ""raw"", ""chain_signature"": ""detrend_d2>sg_smooth_w11_p2>sg_d1_w21_p3"", ""score"": 1531076.2213926513}, {""component"": 9, ""base_index"": 0, ""base_name"": ""raw"", ""chain_signature"": ""detrend_d2>sg_smooth_w21_p3"", ""score"": 1006879.4536110195}, {""component"": 10, ""base_index"": 0, ""base_name"": ""raw"", ""chain_signature"": ""detrend_d2>sg_smooth_w21_p3>sg_d1_w11_p2"", ""score"": 527139.573536786}, {""component"": 11, ""base_index"": 1, ""base_name"": ""snv"", ""chain_signature"": ""fd_d1>detrend_d1>sg_smooth_w21_p3"", ""score"": 469387.10832081555}, {""component"": 12, ""base_index"": 1, ""base_name"": ""snv"", ""chain_signature"": ""detrend_d2>fd_d1>sg_smooth_w21_p3"", ""score"": 420936.9937970051}, {""component"": 13, ""base_index"": 2, ""base_name"": ""msc"", ""chain_signature"": ""fd_d1>detrend_d2>sg_smooth_w21_p3"", ""score"": 418544.2620714984}, {""component"": 14, ""base_index"": 0, ""base_name"": ""raw"", ""chain_signature"": ""detrend_d1>sg_smooth_w21_p3"", ""score"": 210668.31286594283}]",{},15,15,1889.0732409980264,15.585064361046534,,10.570298335604292,11.33077762626084,0,FastAOM/0.1.0,raw + SNV + MSC + EMSC bases,145,580,160,0.45188706626167513,5.2128592830267735,76.00824540102622,1807.8501199160237,fastaom_v0_1,fastaom_smoke,diverse11,FastAOM-hard-chain-multibase,fastaom-hard-aom-chain,FastAOM.models.fast_aom_pls_ridge,16.880392043743562,13.348368563164877,-0.47494625893140485,,13325,5711,4200,,,,
LUCAS,LUCAS_SOC_all_26650_NocitaKS,regression,FastAOM-hard-chain-asls,FastAOM-hard-chain-asls,,ok,,compact,,,16.065329667343445,12.442611509923681,-0.33595067220308894,,0,,,,,,,,,,,,,,FastAOM-hard-chain-asls,numpy,fastaom,hard_aom_chain,screening+ridge,primal,compact,"[{""component"": 0, ""base_index"": 4, ""base_name"": ""asls_l1e+06_p0.001"", ""chain_signature"": ""fd_d1>sg_smooth_w21_p3"", ""score"": 102333851.63478665}, {""component"": 1, ""base_index"": 1, ""base_name"": ""snv"", ""chain_signature"": ""detrend_d2>sg_d1_w11_p2"", ""score"": 6402812.979156972}, {""component"": 2, ""base_index"": 3, ""base_name"": ""asls_l100000_p0.01"", ""chain_signature"": ""detrend_d2"", ""score"": 7008306.680318587}, {""component"": 3, ""base_index"": 4, ""base_name"": ""asls_l1e+06_p0.001"", ""chain_signature"": ""sg_smooth_w11_p2>fd_d1>detrend_d2"", ""score"": 3840805.212230551}, {""component"": 4, ""base_index"": 0, ""base_name"": ""raw"", ""chain_signature"": ""sg_smooth_w21_p3>detrend_d2"", ""score"": 3641958.687242617}, {""component"": 5, ""base_index"": 0, ""base_name"": ""raw"", ""chain_signature"": ""sg_smooth_w11_p2>detrend_d2>sg_d1_w11_p2"", ""score"": 2461491.4442345477}, {""component"": 6, ""base_index"": 4, ""base_name"": ""asls_l1e+06_p0.001"", ""chain_signature"": ""sg_smooth_w11_p2>detrend_d1>fd_d1"", ""score"": 1600424.108897159}, {""component"": 7, ""base_index"": 1, ""base_name"": ""snv"", ""chain_signature"": ""detrend_d2>fd_d1"", ""score"": 747406.844514719}, {""component"": 8, ""base_index"": 4, ""base_name"": ""asls_l1e+06_p0.001"", ""chain_signature"": ""identity"", ""score"": 3284983.054225779}, {""component"": 9, ""base_index"": 0, ""base_name"": ""raw"", ""chain_signature"": ""sg_smooth_w21_p3>detrend_d2>sg_d1_w21_p3"", ""score"": 360538.90518724406}, {""component"": 10, ""base_index"": 0, ""base_name"": ""raw"", ""chain_signature"": ""sg_smooth_w21_p3>detrend_d2>fd_d1"", ""score"": 308171.91646831715}, {""component"": 11, ""base_index"": 3, ""base_name"": ""asls_l100000_p0.01"", ""chain_signature"": ""detrend_d2"", ""score"": 369212.1024887258}, {""component"": 12, ""base_index"": 4, ""base_name"": ""asls_l1e+06_p0.001"", ""chain_signature"": ""sg_d2_w11_p2>sg_smooth_w21_p3"", ""score"": 961358.8840489585}, {""component"": 13, ""base_index"": 4, ""base_name"": ""asls_l1e+06_p0.001"", ""chain_signature"": ""sg_smooth_w21_p3"", ""score"": 733034.9994432582}, {""component"": 14, ""base_index"": 0, ""base_name"": ""raw"", ""chain_signature"": ""detrend_d2>sg_d1_w11_p2>sg_smooth_w21_p3"", ""score"": 447744.3989089446}]",{},15,15,2484.793999609945,59.87391143804416,,9.755235959204175,10.515715249860722,0,FastAOM/0.1.0,raw + SNV + 3 ASLS baselines,145,725,200,0.45188706626167513,6.399372785992455,280.6517428460065,2197.740887869033,fastaom_v0_1,fastaom_smoke,diverse11,FastAOM-hard-chain-asls,fastaom-hard-aom-chain,FastAOM.models.fast_aom_pls_ridge,16.065329667343445,12.442611509923681,-0.33595067220308894,,13325,5711,4200,,,,
LUCAS,LUCAS_SOC_all_26650_NocitaKS,regression,FastAOM-hard-chain-osc,FastAOM-hard-chain-osc,,ok,,compact,,,18.056246125393375,14.107200452360667,-0.687586610726781,,0,,,,,,,,,,,,,,FastAOM-hard-chain-osc,numpy,fastaom,hard_aom_chain,screening+ridge,primal,compact,"[{""component"": 0, ""base_index"": 0, ""base_name"": ""raw"", ""chain_signature"": ""sg_smooth_w21_p3>detrend_d2"", ""score"": 89917673.87798071}, {""component"": 1, ""base_index"": 0, ""base_name"": ""raw"", ""chain_signature"": ""sg_smooth_w11_p2>detrend_d2>sg_d1_w11_p2"", ""score"": 7053800.947924866}, {""component"": 2, ""base_index"": 0, ""base_name"": ""raw"", ""chain_signature"": ""detrend_d2>fd_d1>sg_smooth_w21_p3"", ""score"": 8975457.358474964}, {""component"": 3, ""base_index"": 0, ""base_name"": ""raw"", ""chain_signature"": ""sg_smooth_w11_p2>detrend_d2>sg_d1_w11_p2"", ""score"": 7149072.210184156}, {""component"": 4, ""base_index"": 1, ""base_name"": ""snv"", ""chain_signature"": ""detrend_d2>sg_smooth_w11_p2>fd_d1"", ""score"": 3941164.937698105}, {""component"": 5, ""base_index"": 0, ""base_name"": ""raw"", ""chain_signature"": ""detrend_d2>sg_d1_w11_p2>sg_smooth_w21_p3"", ""score"": 7052015.0881680865}, {""component"": 6, ""base_index"": 0, ""base_name"": ""raw"", ""chain_signature"": ""sg_smooth_w21_p3>detrend_d1"", ""score"": 1563010.5159418685}, {""component"": 7, ""base_index"": 0, ""base_name"": ""raw"", ""chain_signature"": ""sg_smooth_w21_p3>detrend_d2"", ""score"": 1644133.5089458753}, {""component"": 8, ""base_index"": 0, ""base_name"": ""raw"", ""chain_signature"": ""detrend_d2>fd_d1>sg_smooth_w21_p3"", ""score"": 1171450.9168213897}, {""component"": 9, ""base_index"": 0, ""base_name"": ""raw"", ""chain_signature"": ""detrend_d2>sg_smooth_w21_p3>fd_d1"", ""score"": 1065587.704064652}, {""component"": 10, ""base_index"": 0, ""base_name"": ""raw"", ""chain_signature"": ""detrend_d2>sg_smooth_w21_p3"", ""score"": 895779.7391935657}, {""component"": 11, ""base_index"": 0, ""base_name"": ""raw"", ""chain_signature"": ""detrend_d2>fd_d1>sg_smooth_w21_p3"", ""score"": 804697.6458289127}, {""component"": 12, ""base_index"": 0, ""base_name"": ""raw"", ""chain_signature"": ""sg_smooth_w11_p2>detrend_d2>sg_d1_w21_p3"", ""score"": 437088.58850605664}, {""component"": 13, ""base_index"": 0, ""base_name"": ""raw"", ""chain_signature"": ""detrend_d2>fd_d1"", ""score"": 773680.7477194106}, {""component"": 14, ""base_index"": 0, ""base_name"": ""raw"", ""chain_signature"": ""detrend_d2>sg_d1_w11_p2>sg_smooth_w21_p3"", ""score"": 527919.8024181662}]",{},15,15,1786.2683815489872,13.16061403695494,,11.746152417254105,12.506631707910653,0,FastAOM/0.1.0,raw + SNV + OSC(2) + OSC(3),145,580,160,0.45188706626167513,5.114707516971976,65.92480271402746,1715.2268722960143,fastaom_v0_1,fastaom_smoke,diverse11,FastAOM-hard-chain-osc,fastaom-hard-aom-chain,FastAOM.models.fast_aom_pls_ridge,18.056246125393375,14.107200452360667,-0.687586610726781,,13325,5711,4200,,,,
LUCAS,LUCAS_SOC_all_26650_NocitaKS,regression,FastAOM-hard-chain-supervised,FastAOM-hard-chain-supervised,,ok,,compact,,,16.420923271490768,12.676989838723271,-0.39574564896392306,,0,,,,,,,,,,,,,,FastAOM-hard-chain-supervised,numpy,fastaom,hard_aom_chain,screening+ridge,primal,compact,"[{""component"": 0, ""base_index"": 0, ""base_name"": ""raw"", ""chain_signature"": ""sg_smooth_w21_p3>detrend_d2"", ""score"": 89917673.87798071}, {""component"": 1, ""base_index"": 6, ""base_name"": ""snv_osc_n2"", ""chain_signature"": ""identity"", ""score"": 13411041.130681409}, {""component"": 2, ""base_index"": 4, ""base_name"": ""asls_l100000_p0.01"", ""chain_signature"": ""identity"", ""score"": 6253385.71769123}, {""component"": 3, ""base_index"": 1, ""base_name"": ""snv"", ""chain_signature"": ""fd_d1>detrend_d1>sg_smooth_w21_p3"", ""score"": 5886340.127834049}, {""component"": 4, ""base_index"": 3, ""base_name"": ""asls_l10000_p0.001"", ""chain_signature"": ""sg_d2_w11_p2>sg_smooth_w21_p3"", ""score"": 3597802.2883632155}, {""component"": 5, ""base_index"": 6, ""base_name"": ""snv_osc_n2"", ""chain_signature"": ""detrend_d1"", ""score"": 2556427.7717423406}, {""component"": 6, ""base_index"": 4, ""base_name"": ""asls_l100000_p0.01"", ""chain_signature"": ""identity"", ""score"": 2251249.6016142657}, {""component"": 7, ""base_index"": 6, ""base_name"": ""snv_osc_n2"", ""chain_signature"": ""detrend_d1"", ""score"": 2345410.873291473}, {""component"": 8, ""base_index"": 6, ""base_name"": ""snv_osc_n2"", ""chain_signature"": ""detrend_d1>fd_d1>sg_smooth_w21_p3"", ""score"": 1302246.8390172508}, {""component"": 9, ""base_index"": 6, ""base_name"": ""snv_osc_n2"", ""chain_signature"": ""fd_d1>detrend_d2>sg_smooth_w11_p2"", ""score"": 1966277.526560214}, {""component"": 10, ""base_index"": 5, ""base_name"": ""osc_n2"", ""chain_signature"": ""detrend_d2>sg_d2_w11_p2>sg_smooth_w21_p3"", ""score"": 1283293.7797654404}, {""component"": 11, ""base_index"": 3, ""base_name"": ""asls_l10000_p0.001"", ""chain_signature"": ""identity"", ""score"": 794444.9624839004}, {""component"": 12, ""base_index"": 6, ""base_name"": ""snv_osc_n2"", ""chain_signature"": ""detrend_d1>fd_d1>sg_smooth_w21_p3"", ""score"": 764791.3520941751}, {""component"": 13, ""base_index"": 4, ""base_name"": ""asls_l100000_p0.01"", ""chain_signature"": ""identity"", ""score"": 1584304.7931230667}, {""component"": 14, ""base_index"": 1, ""base_name"": ""snv"", ""chain_signature"": ""fd_d1>detrend_d1>sg_smooth_w21_p3"", ""score"": 562799.6555441184}]",{},15,15,2563.2397423069924,62.26794994197553,,10.110829563351498,10.871308854008046,0,FastAOM/0.1.0,raw + SNV + EMSC + 2 ASLS + OSC(2) + SNV-OSC (full supervised pack),145,1015,228,0.45188706626167513,9.082869813020807,238.56760420498904,2315.587191025028,fastaom_v0_1,fastaom_smoke,diverse11,FastAOM-hard-chain-supervised,fastaom-hard-aom-chain,FastAOM.models.fast_aom_pls_ridge,16.420923271490768,12.676989838723271,-0.39574564896392306,,13325,5711,4200,,,,
LUCAS,LUCAS_SOC_all_26650_NocitaKS,regression,FastAOM-single-chain-supervised-cv5-numpy,FastAOM-single-chain-supervised-cv5-numpy,,ok,,compact,,,16.981412159772326,12.529985957659115,-0.49265261103556224,,0,,,,,,,,,,,,,,FastAOM-single-chain-supervised-cv5-numpy,numpy,fastaom,single_chain,screening+ridge,primal,compact,"[{""base_index"": 0, ""chain_signature"": ""detrend_d2>sg_smooth_w11_p2>sg_d2_w11_p2""}, {""base_index"": 0, ""chain_signature"": ""detrend_d2>sg_d2_w11_p2""}, {""base_index"": 0, ""chain_signature"": ""detrend_d2>sg_d2_w11_p2>sg_smooth_w11_p2""}, {""base_index"": 0, ""chain_signature"": ""detrend_d2>sg_smooth_w21_p3>sg_d2_w11_p2""}, {""base_index"": 0, ""chain_signature"": ""detrend_d2>sg_d2_w11_p2>sg_smooth_w21_p3""}, {""base_index"": 0, ""chain_signature"": ""detrend_d2>fd_d1""}, {""base_index"": 0, ""chain_signature"": ""detrend_d2>sg_smooth_w11_p2>fd_d1""}, {""base_index"": 0, ""chain_signature"": ""detrend_d2>sg_smooth_w21_p3>fd_d1""}, {""base_index"": 0, ""chain_signature"": ""sg_smooth_w11_p2>detrend_d2>sg_d2_w11_p2""}, {""base_index"": 0, ""chain_signature"": ""sg_smooth_w21_p3>detrend_d2>fd_d1""}, {""base_index"": 0, ""chain_signature"": ""sg_smooth_w21_p3>detrend_d2>sg_d2_w11_p2""}, {""base_index"": 0, ""chain_signature"": ""detrend_d2>sg_smooth_w21_p3>sg_d1_w21_p3""}, {""base_index"": 0, ""chain_signature"": ""detrend_d2>sg_smooth_w21_p3>sg_d1_w11_p2""}, {""base_index"": 0, ""chain_signature"": ""detrend_d2>sg_smooth_w11_p2>sg_d1_w21_p3""}, {""base_index"": 0, ""chain_signature"": ""sg_smooth_w11_p2>detrend_d2>fd_d1""}, {""base_index"": 0, ""chain_signature"": ""detrend_d2>sg_smooth_w11_p2>sg_d1_w11_p2""}, {""base_index"": 0, ""chain_signature"": ""detrend_d1>sg_smooth_w21_p3""}, {""base_index"": 0, ""chain_signature"": ""detrend_d1>sg_smooth_w11_p2""}, {""base_index"": 0, ""chain_signature"": ""detrend_d1""}, {""base_index"": 0, ""chain_signature"": ""sg_smooth_w11_p2>detrend_d1""}, {""base_index"": 0, ""chain_signature"": ""sg_smooth_w21_p3>detrend_d1""}, {""base_index"": 0, ""chain_signature"": ""detrend_d2>sg_d1_w21_p3""}, {""base_index"": 0, ""chain_signature"": ""detrend_d2>sg_d1_w11_p2""}, {""base_index"": 0, ""chain_signature"": ""detrend_d2>sg_d1_w21_p3>sg_smooth_w11_p2""}, {""base_index"": 0, ""chain_signature"": ""sg_smooth_w11_p2>detrend_d2>sg_d1_w21_p3""}]",{},15,15,252.4637003079988,0.37844392901752144,,10.671318451633056,11.431797742289604,0,FastAOM/0.1.0,single-chain + supervised bases + CV-5 n_components,145,1015,228,0.45188706626167513,9.156098221952561,240.07327216502745,3.232266996987164,fastaom_v0_1,fastaom_smoke,diverse11,FastAOM-single-chain-supervised-cv5-numpy,fastaom-single-chain-pls-ridge,FastAOM.models.fast_aom_pls_ridge,16.981412159772326,12.529985957659115,-0.49265261103556224,,13325,5711,4200,,,,
LUCAS,LUCAS_SOC_all_26650_NocitaKS,regression,FastAOM-sparse-mkr-supervised,FastAOM-sparse-mkr-supervised,,skipped,"SparseMultiKernelRidge: n=13325 exceeds dense-kernel guard (8000); skip this variant on very large datasets | Traceback (most recent call last):   File ""/home/delete/nirs4all/bench/AOM_v0/FastAOM/benchmarks/run_fast_aom_benchmark.py"", line 542, in run_dataset     row = _run_variant(variant, Xtr, ytr, Xte, yte, seed, cohort_row, max_components)           ^^^^^^^^^^^^^^^^^^^^^^^^^^^^^^^^^^^^^^^^^^^^",,,,,,,,0,,,,,,,,,,,,,,FastAOM-sparse-mkr-supervised,numpy,fastaom,sparse_mkr,,,compact,,,,,,,,,,0,FastAOM/0.1.0,exception during run,,,,,,,,fastaom_v0_1,fastaom_smoke,diverse11,FastAOM-sparse-mkr-supervised,fastaom-sparse-mkr,FastAOM.models.fast_aom_pls_ridge,,,,SparseMultiKernelRidge: n=13325 exceeds dense-kernel guard (8000); skip this variant on very large datasets,,,,,,,
LUCAS,LUCAS_pH_Organic_1763_LiuRandomOrganic,regression,FastAOM-single-chain-compact,FastAOM-single-chain-compact,,ok,,compact,,,0.41834954481897985,0.2997793373093355,0.8586489370866186,,0,,,,,,,,,,,,,,FastAOM-single-chain-compact,numpy,fastaom,single_chain,screening+ridge,primal,compact,"[{""base_index"": 1, ""chain_signature"": ""detrend_d2>sg_smooth_w21_p3""}, {""base_index"": 1, ""chain_signature"": ""detrend_d2>sg_smooth_w11_p2""}, {""base_index"": 1, ""chain_signature"": ""detrend_d2""}, {""base_index"": 1, ""chain_signature"": ""sg_smooth_w11_p2>detrend_d2""}, {""base_index"": 1, ""chain_signature"": ""sg_smooth_w21_p3>detrend_d2""}, {""base_index"": 0, ""chain_signature"": ""detrend_d2>sg_smooth_w21_p3""}, {""base_index"": 0, ""chain_signature"": ""detrend_d2>sg_smooth_w11_p2""}, {""base_index"": 0, ""chain_signature"": ""detrend_d2""}, {""base_index"": 0, ""chain_signature"": ""sg_smooth_w11_p2>detrend_d2""}, {""base_index"": 0, ""chain_signature"": ""sg_smooth_w21_p3>detrend_d2""}, {""base_index"": 1, ""chain_signature"": ""detrend_d2>sg_d2_w11_p2>sg_smooth_w11_p2""}, {""base_index"": 1, ""chain_signature"": ""detrend_d2>sg_d2_w11_p2""}, {""base_index"": 1, ""chain_signature"": ""detrend_d2>sg_d2_w11_p2>sg_smooth_w21_p3""}, {""base_index"": 1, ""chain_signature"": ""detrend_d2>sg_smooth_w11_p2>sg_d2_w11_p2""}, {""base_index"": 1, ""chain_signature"": ""detrend_d2>fd_d1>sg_smooth_w21_p3""}, {""base_index"": 1, ""chain_signature"": ""detrend_d2>sg_smooth_w21_p3>sg_d2_w11_p2""}, {""base_index"": 1, ""chain_signature"": ""detrend_d2>sg_d1_w11_p2>sg_smooth_w21_p3""}, {""base_index"": 1, ""chain_signature"": ""detrend_d2>sg_d1_w21_p3>sg_smooth_w21_p3""}, {""base_index"": 1, ""chain_signature"": ""detrend_d2>fd_d1>sg_smooth_w11_p2""}, {""base_index"": 1, ""chain_signature"": ""detrend_d1>sg_smooth_w21_p3""}, {""base_index"": 1, ""chain_signature"": ""sg_smooth_w21_p3>detrend_d1""}, {""base_index"": 1, ""chain_signature"": ""detrend_d1>sg_smooth_w11_p2""}, {""base_index"": 1, ""chain_signature"": ""sg_smooth_w11_p2>detrend_d1""}, {""base_index"": 1, ""chain_signature"": ""detrend_d1""}, {""base_index"": 1, ""chain_signature"": ""detrend_d2>fd_d1""}]",{},15,15,3.647452812001575,0.038043012958951294,0.09015215116708647,0.07463336853447666,0.16803262961275506,0,FastAOM/0.1.0,top-1 chain from fast screening,145,290,120,0.04878316541573005,2.5630076689994894,0.8393626300385222,0.2440064850379713,fastaom_v0_1,fastaom_smoke,diverse11,FastAOM-single-chain-compact,fastaom-single-chain-pls-ridge,FastAOM.models.fast_aom_pls_ridge,0.41834954481897985,0.2997793373093355,0.8586489370866186,,1175,588,4200,,,,
LUCAS,LUCAS_pH_Organic_1763_LiuRandomOrganic,regression,FastAOM-single-chain-compact-cv5-numpy,FastAOM-single-chain-compact-cv5-numpy,,ok,,compact,,,0.41834954481897985,0.2997793373093355,0.8586489370866186,,0,,,,,,,,,,,,,,FastAOM-single-chain-compact-cv5-numpy,numpy,fastaom,single_chain,screening+ridge,primal,compact,"[{""base_index"": 1, ""chain_signature"": ""detrend_d2>sg_smooth_w21_p3""}, {""base_index"": 1, ""chain_signature"": ""detrend_d2>sg_smooth_w11_p2""}, {""base_index"": 1, ""chain_signature"": ""detrend_d2""}, {""base_index"": 1, ""chain_signature"": ""sg_smooth_w11_p2>detrend_d2""}, {""base_index"": 1, ""chain_signature"": ""sg_smooth_w21_p3>detrend_d2""}, {""base_index"": 0, ""chain_signature"": ""detrend_d2>sg_smooth_w21_p3""}, {""base_index"": 0, ""chain_signature"": ""detrend_d2>sg_smooth_w11_p2""}, {""base_index"": 0, ""chain_signature"": ""detrend_d2""}, {""base_index"": 0, ""chain_signature"": ""sg_smooth_w11_p2>detrend_d2""}, {""base_index"": 0, ""chain_signature"": ""sg_smooth_w21_p3>detrend_d2""}, {""base_index"": 1, ""chain_signature"": ""detrend_d2>sg_d2_w11_p2>sg_smooth_w11_p2""}, {""base_index"": 1, ""chain_signature"": ""detrend_d2>sg_d2_w11_p2""}, {""base_index"": 1, ""chain_signature"": ""detrend_d2>sg_d2_w11_p2>sg_smooth_w21_p3""}, {""base_index"": 1, ""chain_signature"": ""detrend_d2>sg_smooth_w11_p2>sg_d2_w11_p2""}, {""base_index"": 1, ""chain_signature"": ""detrend_d2>fd_d1>sg_smooth_w21_p3""}, {""base_index"": 1, ""chain_signature"": ""detrend_d2>sg_smooth_w21_p3>sg_d2_w11_p2""}, {""base_index"": 1, ""chain_signature"": ""detrend_d2>sg_d1_w11_p2>sg_smooth_w21_p3""}, {""base_index"": 1, ""chain_signature"": ""detrend_d2>sg_d1_w21_p3>sg_smooth_w21_p3""}, {""base_index"": 1, ""chain_signature"": ""detrend_d2>fd_d1>sg_smooth_w11_p2""}, {""base_index"": 1, ""chain_signature"": ""detrend_d1>sg_smooth_w21_p3""}, {""base_index"": 1, ""chain_signature"": ""sg_smooth_w21_p3>detrend_d1""}, {""base_index"": 1, ""chain_signature"": ""detrend_d1>sg_smooth_w11_p2""}, {""base_index"": 1, ""chain_signature"": ""sg_smooth_w11_p2>detrend_d1""}, {""base_index"": 1, ""chain_signature"": ""detrend_d1""}, {""base_index"": 1, ""chain_signature"": ""detrend_d2>fd_d1""}]",{},15,15,3.6399820019723848,0.03799856797559187,0.09015215116708647,0.07463336853447666,0.16803262961275506,0,FastAOM/0.1.0,top-1 chain + 5-fold sklearn KFold CV n_components (apples-to-apples with ASLS-AOM-compact-cv5-numpy),145,290,120,0.04878316541573005,2.5615192389814183,0.8324452880187891,0.24403772299410775,fastaom_v0_1,fastaom_smoke,diverse11,FastAOM-single-chain-compact-cv5-numpy,fastaom-single-chain-pls-ridge,FastAOM.models.fast_aom_pls_ridge,0.41834954481897985,0.2997793373093355,0.8586489370866186,,1175,588,4200,,,,
LUCAS,LUCAS_pH_Organic_1763_LiuRandomOrganic,regression,FastAOM-hard-chain-compact,FastAOM-hard-chain-compact,,ok,,compact,,,0.3981339660026539,0.29227354069298905,0.8719796714990955,,0,,,,,,,,,,,,,,FastAOM-hard-chain-compact,numpy,fastaom,hard_aom_chain,screening+ridge,primal,compact,"[{""component"": 0, ""base_index"": 1, ""base_name"": ""snv"", ""chain_signature"": ""detrend_d1>fd_d1>sg_smooth_w21_p3"", ""score"": 515.2353014901647}, {""component"": 1, ""base_index"": 0, ""base_name"": ""raw"", ""chain_signature"": ""detrend_d2>sg_smooth_w21_p3"", ""score"": 230.35756300923504}, {""component"": 2, ""base_index"": 0, ""base_name"": ""raw"", ""chain_signature"": ""detrend_d1>fd_d1>sg_smooth_w21_p3"", ""score"": 65.91810759330286}, {""component"": 3, ""base_index"": 1, ""base_name"": ""snv"", ""chain_signature"": ""detrend_d2>fd_d1"", ""score"": 74.89604811974542}, {""component"": 4, ""base_index"": 1, ""base_name"": ""snv"", ""chain_signature"": ""detrend_d2>sg_d1_w11_p2"", ""score"": 143.07939974407913}, {""component"": 5, ""base_index"": 1, ""base_name"": ""snv"", ""chain_signature"": ""detrend_d2>fd_d1>sg_smooth_w21_p3"", ""score"": 63.671405488432946}, {""component"": 6, ""base_index"": 0, ""base_name"": ""raw"", ""chain_signature"": ""detrend_d2>sg_d1_w21_p3"", ""score"": 13.99524819786997}, {""component"": 7, ""base_index"": 1, ""base_name"": ""snv"", ""chain_signature"": ""detrend_d2>sg_d1_w21_p3>sg_smooth_w11_p2"", ""score"": 16.664794101252593}, {""component"": 8, ""base_index"": 0, ""base_name"": ""raw"", ""chain_signature"": ""detrend_d2>sg_d1_w11_p2>sg_smooth_w21_p3"", ""score"": 15.57385595727598}, {""component"": 9, ""base_index"": 0, ""base_name"": ""raw"", ""chain_signature"": ""detrend_d2>sg_smooth_w21_p3>fd_d1"", ""score"": 51.73571176372846}, {""component"": 10, ""base_index"": 0, ""base_name"": ""raw"", ""chain_signature"": ""detrend_d2>fd_d1>sg_smooth_w21_p3"", ""score"": 15.366890475899657}, {""component"": 11, ""base_index"": 0, ""base_name"": ""raw"", ""chain_signature"": ""detrend_d2>fd_d1>sg_smooth_w11_p2"", ""score"": 31.933185855651047}, {""component"": 12, ""base_index"": 0, ""base_name"": ""raw"", ""chain_signature"": ""detrend_d2>sg_d1_w11_p2"", ""score"": 27.526044044677256}, {""component"": 13, ""base_index"": 0, ""base_name"": ""raw"", ""chain_signature"": ""detrend_d2>fd_d1>sg_smooth_w21_p3"", ""score"": 20.105669548796076}, {""component"": 14, ""base_index"": 0, ""base_name"": ""raw"", ""chain_signature"": ""detrend_d2>sg_smooth_w21_p3>sg_d1_w11_p2"", ""score"": 10.179533234055556}]",{},15,15,175.94051956303883,0.7324569909833372,0.0699365723507605,0.0544177897181507,0.1478170507964291,0,FastAOM/0.1.0,"one chain per latent component, compact bank, depth=3",145,290,120,0.04878316541573005,2.559903066023253,0.8321280549862422,172.54649430699646,fastaom_v0_1,fastaom_smoke,diverse11,FastAOM-hard-chain-compact,fastaom-hard-aom-chain,FastAOM.models.fast_aom_pls_ridge,0.3981339660026539,0.29227354069298905,0.8719796714990955,,1175,588,4200,,,,
LUCAS,LUCAS_pH_Organic_1763_LiuRandomOrganic,regression,FastAOM-soft-chain-compact,FastAOM-soft-chain-compact,,ok,,compact,,,0.487970901811585,0.3707325283110418,0.8076871394845854,,0,,,,,,,,,,,,,,FastAOM-soft-chain-compact,numpy,fastaom,soft_aom_chain,screening+ridge,primal,compact,"[{""component"": 0, ""base_indices"": [1], ""base_names"": [""snv""], ""chain_signatures"": [""detrend_d1>fd_d1>sg_smooth_w21_p3""], ""weights"": [3.772928880154117]}, {""component"": 1, ""base_indices"": [0, 1, 1], ""base_names"": [""raw"", ""snv"", ""snv""], ""chain_signatures"": [""detrend_d2>sg_smooth_w21_p3"", ""sg_smooth_w21_p3"", ""detrend_d1>fd_d1>sg_smooth_w21_p3""], ""weights"": [0.001049043395417617, 5.072916109596865e-06, 0.8090171194638541]}, {""component"": 2, ""base_indices"": [0], ""base_names"": [""raw""], ""chain_signatures"": [""detrend_d1>fd_d1>sg_smooth_w21_p3""], ""weights"": [97.6537311236035]}, {""component"": 3, ""base_indices"": [1, 0, 0], ""base_names"": [""snv"", ""raw"", ""raw""], ""chain_signatures"": [""detrend_d2>sg_d2_w11_p2"", ""detrend_d1"", ""sg_smooth_w11_p2>detrend_d2>sg_d1_w11_p2""], ""weights"": [44.96139332323336, 0.004439459150361639, 9.774775612120541]}, {""component"": 4, ""base_indices"": [1, 1, 1], ""base_names"": [""snv"", ""snv"", ""snv""], ""chain_signatures"": [""detrend_d2>fd_d1>sg_smooth_w21_p3"", ""detrend_d2>sg_d1_w11_p2>sg_smooth_w21_p3"", ""detrend_d2>fd_d1""], ""weights"": [3.9757125760713974, 1.8546374563324002, 1.357898358974775]}, {""component"": 5, ""base_indices"": [1, 1, 0], ""base_names"": [""snv"", ""snv"", ""raw""], ""chain_signatures"": [""detrend_d2>sg_smooth_w21_p3"", ""detrend_d2>sg_smooth_w21_p3>sg_d1_w11_p2"", ""detrend_d1""], ""weights"": [0.001423858627773996, 8.24267984027894, 0.014655919439948028]}, {""component"": 6, ""base_indices"": [1, 0, 1], ""base_names"": [""snv"", ""raw"", ""snv""], ""chain_signatures"": [""detrend_d2>sg_smooth_w21_p3"", ""detrend_d2>sg_smooth_w21_p3"", ""detrend_d2>sg_d1_w11_p2>sg_smooth_w21_p3""], ""weights"": [0.0017383494843067257, 0.04247948591058255, 15.45310490526046]}, {""component"": 7, ""base_indices"": [1, 0, 0], ""base_names"": [""snv"", ""raw"", ""raw""], ""chain_signatures"": [""detrend_d2>sg_smooth_w21_p3"", ""detrend_d2>sg_smooth_w21_p3"", ""detrend_d1""], ""weights"": [0.009979696629016165, 0.06531787915883784, 0.05104889304602987]}, {""component"": 8, ""base_indices"": [0, 1, 1], ""base_names"": [""raw"", ""snv"", ""snv""], ""chain_signatures"": [""sg_smooth_w21_p3>detrend_d2"", ""sg_d1_w11_p2>detrend_d2>sg_smooth_w21_p3"", ""fd_d1>detrend_d2>sg_smooth_w11_p2""], ""weights"": [0.1720391416265841, 75.41305278752571, 14.225354048305666]}, {""component"": 9, ""base_indices"": [0, 1, 1], ""base_names"": [""raw"", ""snv"", ""snv""], ""chain_signatures"": [""sg_smooth_w21_p3>detrend_d2"", ""fd_d1>sg_smooth_w21_p3>detrend_d2"", ""fd_d1>detrend_d2>sg_smooth_w21_p3""], ""weights"": [0.019989273767634576, 18.97106412468475, 3.7128387499477493]}, {""component"": 10, ""base_indices"": [1, 1], ""base_names"": [""snv"", ""snv""], ""chain_signatures"": [""detrend_d2>fd_d1>sg_smooth_w21_p3"", ""fd_d1>detrend_d2>sg_smooth_w11_p2""], ""weights"": [37.621642954982896, 16.89692709593709]}, {""component"": 11, ""base_indices"": [1, 1, 1], ""base_names"": [""snv"", ""snv"", ""snv""], ""chain_signatures"": [""detrend_d2>sg_smooth_w21_p3"", ""detrend_d1>sg_smooth_w21_p3"", ""detrend_d1""], ""weights"": [0.0035300420229673352, 0.0004556426969256257, 4.2720619807575545e-07]}]",{},12,15,12.385994265030604,1.144669226021506,0.1597735081596916,0.1442547255270818,0.2376539866053602,0,FastAOM/0.1.0,sparse non-negative mixture per component,145,290,80,0.04878316541573005,2.5751518679899164,0.8337781710433774,8.975117401976604,fastaom_v0_1,fastaom_smoke,diverse11,FastAOM-soft-chain-compact,fastaom-soft-aom-chain,FastAOM.models.fast_aom_pls_ridge,0.487970901811585,0.3707325283110418,0.8076871394845854,,1175,588,4200,,,,
LUCAS,LUCAS_pH_Organic_1763_LiuRandomOrganic,regression,FastAOM-sparse-mkr-compact,FastAOM-sparse-mkr-compact,,ok,,compact,,,0.35765134505597995,0.2476625479641265,0.896690513625083,,0,,,,,,,,,,,,,,FastAOM-sparse-mkr-compact,numpy,fastaom,sparse_mkr,screening+ridge,primal,compact,"[{""component"": 0, ""base_index"": 1, ""base_name"": ""snv"", ""chain_signature"": ""detrend_d1>fd_d1>sg_smooth_w21_p3"", ""score"": 0.0, ""theta"": 3.774311299579278}]",{},0,15,10.995892643986735,0.06652080797357485,0.029453951404086576,0.01393516877147677,0.10733442984975516,0,FastAOM/0.1.0,multiple-kernel Ridge,145,290,60,0.04878316541573005,2.5662925109500065,0.8232817270327359,7.604395686008502,fastaom_v0_1,fastaom_smoke,diverse11,FastAOM-sparse-mkr-compact,fastaom-sparse-mkr,FastAOM.models.fast_aom_pls_ridge,0.35765134505597995,0.2476625479641265,0.896690513625083,,1175,588,4200,,,,
LUCAS,LUCAS_pH_Organic_1763_LiuRandomOrganic,regression,FastAOM-hard-chain-multibase,FastAOM-hard-chain-multibase,,ok,,compact,,,0.38347846899670457,0.28667359656691227,0.8812311786366449,,0,,,,,,,,,,,,,,FastAOM-hard-chain-multibase,numpy,fastaom,hard_aom_chain,screening+ridge,primal,compact,"[{""component"": 0, ""base_index"": 1, ""base_name"": ""snv"", ""chain_signature"": ""detrend_d1>fd_d1>sg_smooth_w21_p3"", ""score"": 515.2353014901647}, {""component"": 1, ""base_index"": 0, ""base_name"": ""raw"", ""chain_signature"": ""detrend_d2>sg_smooth_w21_p3"", ""score"": 230.35756300923504}, {""component"": 2, ""base_index"": 0, ""base_name"": ""raw"", ""chain_signature"": ""detrend_d2>fd_d1>sg_smooth_w21_p3"", ""score"": 45.550162101109045}, {""component"": 3, ""base_index"": 1, ""base_name"": ""snv"", ""chain_signature"": ""sg_smooth_w11_p2>detrend_d2>sg_d1_w11_p2"", ""score"": 92.19128099913378}, {""component"": 4, ""base_index"": 1, ""base_name"": ""snv"", ""chain_signature"": ""detrend_d2>sg_smooth_w11_p2>fd_d1"", ""score"": 180.06299518331636}, {""component"": 5, ""base_index"": 2, ""base_name"": ""msc"", ""chain_signature"": ""detrend_d2>fd_d1>sg_smooth_w21_p3"", ""score"": 16.830711445440066}, {""component"": 6, ""base_index"": 0, ""base_name"": ""raw"", ""chain_signature"": ""detrend_d2>sg_smooth_w21_p3>fd_d1"", ""score"": 31.136552446575788}, {""component"": 7, ""base_index"": 2, ""base_name"": ""msc"", ""chain_signature"": ""sg_smooth_w11_p2>detrend_d2>sg_d1_w21_p3"", ""score"": 12.819285266056239}, {""component"": 8, ""base_index"": 1, ""base_name"": ""snv"", ""chain_signature"": ""detrend_d1>fd_d1>sg_smooth_w21_p3"", ""score"": 25.707061126366373}, {""component"": 9, ""base_index"": 1, ""base_name"": ""snv"", ""chain_signature"": ""detrend_d2>fd_d1>sg_smooth_w21_p3"", ""score"": 31.351455616842188}, {""component"": 10, ""base_index"": 2, ""base_name"": ""msc"", ""chain_signature"": ""detrend_d2>sg_smooth_w11_p2>sg_d1_w21_p3"", ""score"": 39.34701899595444}, {""component"": 11, ""base_index"": 2, ""base_name"": ""msc"", ""chain_signature"": ""detrend_d2>sg_smooth_w21_p3>sg_d1_w11_p2"", ""score"": 40.51104231316884}, {""component"": 12, ""base_index"": 0, ""base_name"": ""raw"", ""chain_signature"": ""detrend_d2>sg_d1_w11_p2"", ""score"": 22.207595096050692}, {""component"": 13, ""base_index"": 2, ""base_name"": ""msc"", ""chain_signature"": ""sg_smooth_w11_p2>detrend_d2>sg_d1_w11_p2"", ""score"": 9.524438104752706}, {""component"": 14, ""base_index"": 1, ""base_name"": ""snv"", ""chain_signature"": ""detrend_d2>fd_d1>sg_smooth_w21_p3"", ""score"": 9.29311624851697}]",{},15,15,224.54693178099114,1.3294333740486763,0.05528107534481119,0.039762292712201386,0.13316155379047978,0,FastAOM/0.1.0,raw + SNV + MSC + EMSC bases,145,580,160,0.04878316541573005,5.092036739981268,1.9333697199472226,217.51952923298813,fastaom_v0_1,fastaom_smoke,diverse11,FastAOM-hard-chain-multibase,fastaom-hard-aom-chain,FastAOM.models.fast_aom_pls_ridge,0.38347846899670457,0.28667359656691227,0.8812311786366449,,1175,588,4200,,,,
LUCAS,LUCAS_pH_Organic_1763_LiuRandomOrganic,regression,FastAOM-hard-chain-asls,FastAOM-hard-chain-asls,,ok,,compact,,,0.4389684503593624,0.3321241479234304,0.8443722307726018,,0,,,,,,,,,,,,,,FastAOM-hard-chain-asls,numpy,fastaom,hard_aom_chain,screening+ridge,primal,compact,"[{""component"": 0, ""base_index"": 4, ""base_name"": ""asls_l1e+06_p0.001"", ""chain_signature"": ""detrend_d2"", ""score"": 365.9312786868838}, {""component"": 1, ""base_index"": 4, ""base_name"": ""asls_l1e+06_p0.001"", ""chain_signature"": ""detrend_d2>sg_smooth_w21_p3>fd_d1"", ""score"": 435.43409782837426}, {""component"": 2, ""base_index"": 4, ""base_name"": ""asls_l1e+06_p0.001"", ""chain_signature"": ""sg_d1_w11_p2>sg_smooth_w21_p3>detrend_d1"", ""score"": 99.65891124027758}, {""component"": 3, ""base_index"": 2, ""base_name"": ""asls_l10000_p0.001"", ""chain_signature"": ""sg_smooth_w21_p3>detrend_d2>sg_d2_w11_p2"", ""score"": 64.43760698038561}, {""component"": 4, ""base_index"": 2, ""base_name"": ""asls_l10000_p0.001"", ""chain_signature"": ""sg_smooth_w21_p3>detrend_d2>sg_d2_w11_p2"", ""score"": 66.19815101057087}, {""component"": 5, ""base_index"": 3, ""base_name"": ""asls_l100000_p0.01"", ""chain_signature"": ""fd_d1>detrend_d2"", ""score"": 27.08850692844853}, {""component"": 6, ""base_index"": 2, ""base_name"": ""asls_l10000_p0.001"", ""chain_signature"": ""sg_d2_w11_p2>detrend_d2>sg_smooth_w11_p2"", ""score"": 65.90457697679791}, {""component"": 7, ""base_index"": 3, ""base_name"": ""asls_l100000_p0.01"", ""chain_signature"": ""sg_smooth_w21_p3>sg_d1_w11_p2>detrend_d2"", ""score"": 21.105332043846776}, {""component"": 8, ""base_index"": 4, ""base_name"": ""asls_l1e+06_p0.001"", ""chain_signature"": ""identity"", ""score"": 49.26265261547143}, {""component"": 9, ""base_index"": 4, ""base_name"": ""asls_l1e+06_p0.001"", ""chain_signature"": ""detrend_d1>fd_d1>sg_smooth_w21_p3"", ""score"": 18.32584352392975}, {""component"": 10, ""base_index"": 2, ""base_name"": ""asls_l10000_p0.001"", ""chain_signature"": ""identity"", ""score"": 18.92605018936683}, {""component"": 11, ""base_index"": 1, ""base_name"": ""snv"", ""chain_signature"": ""detrend_d2>fd_d1>sg_smooth_w21_p3"", ""score"": 12.832790961778548}, {""component"": 12, ""base_index"": 1, ""base_name"": ""snv"", ""chain_signature"": ""sg_smooth_w11_p2>detrend_d2>fd_d1"", ""score"": 10.152988638621078}, {""component"": 13, ""base_index"": 2, ""base_name"": ""asls_l10000_p0.001"", ""chain_signature"": ""sg_smooth_w11_p2>fd_d1>detrend_d1"", ""score"": 11.777363489133121}, {""component"": 14, ""base_index"": 4, ""base_name"": ""asls_l1e+06_p0.001"", ""chain_signature"": ""detrend_d1>sg_d1_w21_p3>sg_smooth_w11_p2"", ""score"": 10.928860194940548}]",{},15,15,304.2235013730242,10.013079939002637,0.110771056707469,0.0952522740748592,0.1886515351531376,0,FastAOM/0.1.0,raw + SNV + 3 ASLS baselines,145,725,200,0.061081505044386086,6.469686605036259,19.84032824402675,277.91148269199766,fastaom_v0_1,fastaom_smoke,diverse11,FastAOM-hard-chain-asls,fastaom-hard-aom-chain,FastAOM.models.fast_aom_pls_ridge,0.4389684503593624,0.3321241479234304,0.8443722307726018,,1175,588,4200,,,,
LUCAS,LUCAS_pH_Organic_1763_LiuRandomOrganic,regression,FastAOM-hard-chain-osc,FastAOM-hard-chain-osc,,ok,,compact,,,0.3981339660026539,0.29227354069298905,0.8719796714990955,,0,,,,,,,,,,,,,,FastAOM-hard-chain-osc,numpy,fastaom,hard_aom_chain,screening+ridge,primal,compact,"[{""component"": 0, ""base_index"": 1, ""base_name"": ""snv"", ""chain_signature"": ""detrend_d1>fd_d1>sg_smooth_w21_p3"", ""score"": 515.2353014901647}, {""component"": 1, ""base_index"": 0, ""base_name"": ""raw"", ""chain_signature"": ""detrend_d2>sg_smooth_w21_p3"", ""score"": 230.35756300923504}, {""component"": 2, ""base_index"": 0, ""base_name"": ""raw"", ""chain_signature"": ""detrend_d1>fd_d1>sg_smooth_w21_p3"", ""score"": 65.91810759330286}, {""component"": 3, ""base_index"": 1, ""base_name"": ""snv"", ""chain_signature"": ""detrend_d2>fd_d1"", ""score"": 74.89604811974542}, {""component"": 4, ""base_index"": 1, ""base_name"": ""snv"", ""chain_signature"": ""detrend_d2>sg_d1_w11_p2"", ""score"": 143.07939974407913}, {""component"": 5, ""base_index"": 1, ""base_name"": ""snv"", ""chain_signature"": ""detrend_d2>fd_d1>sg_smooth_w21_p3"", ""score"": 63.671405488432946}, {""component"": 6, ""base_index"": 0, ""base_name"": ""raw"", ""chain_signature"": ""detrend_d2>sg_d1_w21_p3"", ""score"": 13.99524819786997}, {""component"": 7, ""base_index"": 1, ""base_name"": ""snv"", ""chain_signature"": ""detrend_d2>sg_d1_w21_p3>sg_smooth_w11_p2"", ""score"": 16.664794101252593}, {""component"": 8, ""base_index"": 0, ""base_name"": ""raw"", ""chain_signature"": ""detrend_d2>sg_d1_w11_p2>sg_smooth_w21_p3"", ""score"": 15.57385595727598}, {""component"": 9, ""base_index"": 0, ""base_name"": ""raw"", ""chain_signature"": ""detrend_d2>sg_smooth_w21_p3>fd_d1"", ""score"": 51.73571176372846}, {""component"": 10, ""base_index"": 0, ""base_name"": ""raw"", ""chain_signature"": ""detrend_d2>fd_d1>sg_smooth_w21_p3"", ""score"": 15.366890475899657}, {""component"": 11, ""base_index"": 0, ""base_name"": ""raw"", ""chain_signature"": ""detrend_d2>fd_d1>sg_smooth_w11_p2"", ""score"": 31.933185855651047}, {""component"": 12, ""base_index"": 0, ""base_name"": ""raw"", ""chain_signature"": ""detrend_d2>sg_d1_w11_p2"", ""score"": 27.526044044677256}, {""component"": 13, ""base_index"": 0, ""base_name"": ""raw"", ""chain_signature"": ""detrend_d2>fd_d1>sg_smooth_w21_p3"", ""score"": 20.105669548796076}, {""component"": 14, ""base_index"": 0, ""base_name"": ""raw"", ""chain_signature"": ""detrend_d2>sg_smooth_w21_p3>sg_d1_w11_p2"", ""score"": 10.179533234055556}]",{},15,15,224.35152481601108,1.3320960589917377,0.0699365723507605,0.0544177897181507,0.1478170507964291,0,FastAOM/0.1.0,raw + SNV + OSC(2) + OSC(3),145,580,160,0.04878316541573005,5.117167268006597,1.9048989790026098,217.3274628620129,fastaom_v0_1,fastaom_smoke,diverse11,FastAOM-hard-chain-osc,fastaom-hard-aom-chain,FastAOM.models.fast_aom_pls_ridge,0.3981339660026539,0.29227354069298905,0.8719796714990955,,1175,588,4200,,,,
LUCAS,LUCAS_pH_Organic_1763_LiuRandomOrganic,regression,FastAOM-hard-chain-supervised,FastAOM-hard-chain-supervised,,ok,,compact,,,0.42449710225568954,0.31589286071557615,0.8544641666828341,,0,,,,,,,,,,,,,,FastAOM-hard-chain-supervised,numpy,fastaom,hard_aom_chain,screening+ridge,primal,compact,"[{""component"": 0, ""base_index"": 1, ""base_name"": ""snv"", ""chain_signature"": ""detrend_d2>fd_d1>sg_smooth_w21_p3"", ""score"": 348.01183665412356}, {""component"": 1, ""base_index"": 1, ""base_name"": ""snv"", ""chain_signature"": ""sg_smooth_w21_p3>detrend_d2>fd_d1"", ""score"": 346.6375668927254}, {""component"": 2, ""base_index"": 1, ""base_name"": ""snv"", ""chain_signature"": ""sg_smooth_w21_p3>fd_d1"", ""score"": 120.78411276212275}, {""component"": 3, ""base_index"": 0, ""base_name"": ""raw"", ""chain_signature"": ""detrend_d2>sg_smooth_w21_p3"", ""score"": 51.92796110532683}, {""component"": 4, ""base_index"": 0, ""base_name"": ""raw"", ""chain_signature"": ""detrend_d2>fd_d1>sg_smooth_w21_p3"", ""score"": 91.68713402224523}, {""component"": 5, ""base_index"": 6, ""base_name"": ""snv_osc_n2"", ""chain_signature"": ""detrend_d1>fd_d1>sg_smooth_w21_p3"", ""score"": 86.21075032833558}, {""component"": 6, ""base_index"": 6, ""base_name"": ""snv_osc_n2"", ""chain_signature"": ""sg_d1_w11_p2>detrend_d1>sg_smooth_w11_p2"", ""score"": 40.6760261385666}, {""component"": 7, ""base_index"": 6, ""base_name"": ""snv_osc_n2"", ""chain_signature"": ""sg_d1_w21_p3>detrend_d2>sg_smooth_w21_p3"", ""score"": 48.4870241707841}, {""component"": 8, ""base_index"": 6, ""base_name"": ""snv_osc_n2"", ""chain_signature"": ""fd_d1>detrend_d2>sg_smooth_w21_p3"", ""score"": 46.06855817278466}, {""component"": 9, ""base_index"": 4, ""base_name"": ""asls_l100000_p0.01"", ""chain_signature"": ""detrend_d2>fd_d1"", ""score"": 20.61931727496795}, {""component"": 10, ""base_index"": 4, ""base_name"": ""asls_l100000_p0.01"", ""chain_signature"": ""sg_smooth_w21_p3>sg_d1_w11_p2>detrend_d1"", ""score"": 13.725587991784625}, {""component"": 11, ""base_index"": 3, ""base_name"": ""asls_l10000_p0.001"", ""chain_signature"": ""sg_d2_w11_p2>sg_smooth_w21_p3>detrend_d2"", ""score"": 24.111662997096662}, {""component"": 12, ""base_index"": 0, ""base_name"": ""raw"", ""chain_signature"": ""sg_smooth_w11_p2>detrend_d2"", ""score"": 16.85535154750108}, {""component"": 13, ""base_index"": 3, ""base_name"": ""asls_l10000_p0.001"", ""chain_signature"": ""fd_d1>detrend_d1"", ""score"": 13.701514075885001}, {""component"": 14, ""base_index"": 6, ""base_name"": ""snv_osc_n2"", ""chain_signature"": ""detrend_d2>fd_d1"", ""score"": 13.032872384564266}]",{},15,15,321.18229398701806,7.3943168930127285,0.09629970860379616,0.08078092597118636,0.17418018704946475,0,FastAOM/0.1.0,raw + SNV + EMSC + 2 ASLS + OSC(2) + SNV-OSC (full supervised pack),145,1015,228,0.04878316541573005,9.213450253999326,14.540060313011054,297.4267060799757,fastaom_v0_1,fastaom_smoke,diverse11,FastAOM-hard-chain-supervised,fastaom-hard-aom-chain,FastAOM.models.fast_aom_pls_ridge,0.42449710225568954,0.31589286071557615,0.8544641666828341,,1175,588,4200,,,,
LUCAS,LUCAS_pH_Organic_1763_LiuRandomOrganic,regression,FastAOM-single-chain-supervised-cv5-numpy,FastAOM-single-chain-supervised-cv5-numpy,,ok,,compact,,,0.41834954481897985,0.2997793373093355,0.8586489370866186,,0,,,,,,,,,,,,,,FastAOM-single-chain-supervised-cv5-numpy,numpy,fastaom,single_chain,screening+ridge,primal,compact,"[{""base_index"": 1, ""chain_signature"": ""detrend_d2>sg_smooth_w21_p3""}, {""base_index"": 1, ""chain_signature"": ""detrend_d2>sg_smooth_w11_p2""}, {""base_index"": 1, ""chain_signature"": ""detrend_d2""}, {""base_index"": 1, ""chain_signature"": ""sg_smooth_w11_p2>detrend_d2""}, {""base_index"": 1, ""chain_signature"": ""sg_smooth_w21_p3>detrend_d2""}, {""base_index"": 0, ""chain_signature"": ""detrend_d2>sg_smooth_w21_p3""}, {""base_index"": 0, ""chain_signature"": ""detrend_d2>sg_smooth_w11_p2""}, {""base_index"": 0, ""chain_signature"": ""detrend_d2""}, {""base_index"": 0, ""chain_signature"": ""sg_smooth_w11_p2>detrend_d2""}, {""base_index"": 0, ""chain_signature"": ""sg_smooth_w21_p3>detrend_d2""}, {""base_index"": 6, ""chain_signature"": ""sg_smooth_w21_p3""}, {""base_index"": 6, ""chain_signature"": ""sg_smooth_w11_p2""}, {""base_index"": 6, ""chain_signature"": ""identity""}, {""base_index"": 6, ""chain_signature"": ""sg_smooth_w21_p3>detrend_d1""}, {""base_index"": 6, ""chain_signature"": ""detrend_d1>sg_smooth_w21_p3""}, {""base_index"": 6, ""chain_signature"": ""sg_smooth_w11_p2>detrend_d1""}, {""base_index"": 6, ""chain_signature"": ""detrend_d1>sg_smooth_w11_p2""}, {""base_index"": 6, ""chain_signature"": ""detrend_d1""}, {""base_index"": 6, ""chain_signature"": ""detrend_d2""}, {""base_index"": 1, ""chain_signature"": ""detrend_d2>sg_d2_w11_p2>sg_smooth_w11_p2""}, {""base_index"": 1, ""chain_signature"": ""detrend_d2>sg_d2_w11_p2""}, {""base_index"": 1, ""chain_signature"": ""detrend_d2>sg_d2_w11_p2>sg_smooth_w21_p3""}, {""base_index"": 1, ""chain_signature"": ""detrend_d2>sg_smooth_w11_p2>sg_d2_w11_p2""}, {""base_index"": 6, ""chain_signature"": ""sg_smooth_w21_p3>detrend_d2>sg_d2_w11_p2""}, {""base_index"": 1, ""chain_signature"": ""detrend_d2>fd_d1>sg_smooth_w21_p3""}]",{},15,15,23.999080290959682,0.048570483981166035,0.09015215116708647,0.07463336853447666,0.16803262961275506,0,FastAOM/0.1.0,single-chain + supervised bases + CV-5 n_components,145,1015,228,0.04878316541573005,9.02803408598993,14.601045648974832,0.36779612401733175,fastaom_v0_1,fastaom_smoke,diverse11,FastAOM-single-chain-supervised-cv5-numpy,fastaom-single-chain-pls-ridge,FastAOM.models.fast_aom_pls_ridge,0.41834954481897985,0.2997793373093355,0.8586489370866186,,1175,588,4200,,,,
LUCAS,LUCAS_pH_Organic_1763_LiuRandomOrganic,regression,FastAOM-sparse-mkr-supervised,FastAOM-sparse-mkr-supervised,,ok,,compact,,,0.34929202237541895,0.2440969468089059,0.90146334610144,,0,,,,,,,,,,,,,,FastAOM-sparse-mkr-supervised,numpy,fastaom,sparse_mkr,screening+ridge,primal,compact,"[{""component"": 0, ""base_index"": 1, ""base_name"": ""snv"", ""chain_signature"": ""detrend_d1>fd_d1>sg_smooth_w21_p3"", ""score"": 0.0, ""theta"": 3.7741821695858206}, {""component"": 1, ""base_index"": 2, ""base_name"": ""emsc(d=2)"", ""chain_signature"": ""identity"", ""score"": 0.0, ""theta"": 0.00011300206675945052}, {""component"": 2, ""base_index"": 2, ""base_name"": ""emsc(d=2)"", ""chain_signature"": ""sg_smooth_w11_p2"", ""score"": 0.0, ""theta"": 0.00017430436857099292}, {""component"": 3, ""base_index"": 2, ""base_name"": ""emsc(d=2)"", ""chain_signature"": ""sg_smooth_w21_p3"", ""score"": 0.0, ""theta"": 0.00043072930132280636}]",{},0,15,52.822106040024664,0.16303182597039267,0.021094628723525577,0.00557584609091577,0.09897510716919417,0,FastAOM/0.1.0,sparse MKR + supervised bases,145,870,160,0.04878316541573005,7.698608953971416,14.009782890032511,31.111675988009665,fastaom_v0_1,fastaom_smoke,diverse11,FastAOM-sparse-mkr-supervised,fastaom-sparse-mkr,FastAOM.models.fast_aom_pls_ridge,0.34929202237541895,0.2440969468089059,0.90146334610144,,1175,588,4200,,,,
